TZA00011;2016-01-13;12:00;;TEMP;TEMP-CND;;24.35;°C;Fair
TZA00011;2016-01-13;12:00;;pH;MZWQL-WI-7_8_002;;8.17;---;Fair
TZA00011;2016-01-13;12:00;;Alk-Tot;0;;50.0;mg/l;Fair
TZA00011;2016-01-13;12:00;;Chl-a;MZWQL-WI-7_2_030;;29.682;µg/l;Fair
TZA00011;2016-01-13;12:00;;O2-Dis;MZWQL-WI-7_2_036;;5.2125;mg/l;Fair
TZA00011;2016-01-13;12:00;;SiO2-Dis;MZWQL-WI-7_2_024;;5.755;µg/l;Fair
TZA00011;2016-01-13;12:00;;Cl-Tot;0;;3.615;mg/l;Fair
TZA00011;2016-01-13;12:00;;TURB;MZWQL-WI-7_2_007;;2.8025;NTU;Fair
TZA00011;2016-01-13;12:00;;EC;MZWQL-WI-7_2_009;;149.75;µS/cm;Fair
TZA00011;2016-01-13;12:00;;TDS;MZWQL-WI-7_2_004;;116.0;mg/l;Fair
TZA00011;2016-01-13;12:00;;H-T;MZWQL-WI-7_2_010;;24.5;mg/l;Fair
TZA00011;2016-01-13;12:00;;NO2N;MZWQL-WI-7_2_016;;5.5;µg/l;Fair
TZA00011;2016-01-13;12:00;;DRP;MZWQL-WI-7_2_014;;45.0;µg/l;Fair
TZA00011;2016-01-13;12:00;;NO3N;MZWQL-WI-7_2_013;;164.0;µg/l;Fair
TZA00011;2016-01-13;12:00;;NH4N;MZWQL-WI-7_2_006;;58.0;µg/l;Fair
TZA00013;2016-01-10;00:00;5.0;TDN;COL-AZO-Cd-PS;;0.858;mg/l;Fair
TZA00013;2016-01-10;00:00;5.0;NO3N;COL-AZO-Cd;;0.74;mg/l;Fair
TZA00013;2016-01-10;00:00;5.0;TP;COL-AA-PPS;;0.06;mg/l;Fair
TZA00013;2016-01-10;00:00;5.0;H-T;T-COL-EDTA-EBT;;36.0;mg/l;Fair
TZA00013;2016-01-10;00:00;5.0;Fe-Tot;CPL-PHEN;;0.45;mg/l;Fair
TZA00013;2016-01-10;00:00;0.5;SiO2-Rea;COL-HB;;4.4;mg/l;Fair
TZA00013;2016-01-10;00:00;0.5;NO3N;COL-AZO-Cd;;1.77;mg/l;Fair
TZA00013;2016-01-10;00:00;0.5;NH4N;COL-PHE;;0.05;mg/l;Fair
TZA00013;2016-01-10;00:00;0.5;Chl-a;0;;0.0198;mg/l;Fair
TZA00013;2016-01-10;00:00;0.5;O2-Dis;O2-ISE;;6.03;mg/l;Fair
TZA00013;2016-01-10;00:00;0.5;TSS;TSS-G;;16.0;mg/l;Fair
TZA00013;2016-01-10;00:00;0.5;Ca-Tot;0;;4.81;mg/l;Fair
TZA00013;2016-01-10;00:00;0.5;Mg-Tot;0;;4.37;mg/l;Fair
TZA00013;2016-01-10;00:00;0.5;TDN;COL-AZO-Cd-PS;;0.834;mg/l;Fair
TZA00013;2016-01-10;00:00;10.5;SiO2-Rea;COL-HB;;2.5;mg/l;Fair
TZA00013;2016-01-10;00:00;4.6;SiO2-Rea;COL-HB;;4.6;mg/l;Fair
TZA00013;2016-01-10;00:00;1.0;Mg-Tot;0;;4.86;mg/l;Fair
TZA00013;2016-01-10;00:00;11.0;H-T;T-COL-EDTA-EBT;;32.0;mg/l;Fair
TZA00013;2016-01-10;00:00;11.0;Alk-Phen;0;;8.0;mg/l;Fair
TZA00013;2016-01-10;00:00;11.0;TEMP;0;;25.3;°C;Fair
TZA00013;2016-01-10;00:00;11.0;TDS;TDS-G-105;;61.0;mg/l;Fair
TZA00013;2016-01-10;00:00;11.0;TDN;COL-AZO-Cd-PS;;0.85;mg/l;Fair
TZA00013;2016-01-10;00:00;5.0;DIP;COL-AA;;0.19;mg/l;Fair
TZA00013;2016-01-10;00:00;0.5;DIP;COL-AA;;0.22;mg/l;Fair
TZA00013;2016-01-10;00:00;5.0;TN;COL-AZO-Cd-PS;;0.91;mg/l;Fair
TZA00013;2016-01-10;00:00;5.0;TDS;TDS-G-105;;61.0;mg/l;Fair
TZA00013;2016-01-10;00:00;5.0;Alk-Phen;0;;8.0;mg/l;Fair
TZA00013;2016-01-10;00:00;5.0;Alk-Tot;0;;44.0;mg/l;Fair
TZA00013;2016-01-10;00:00;0.5;TP;COL-AA-PPS;;0.08;mg/l;Fair
TZA00013;2016-01-10;00:00;0.5;TN;COL-AZO-Cd-PS;;0.21;mg/l;Fair
TZA00013;2016-01-10;00:00;0.5;TURB;NEPH;;4.3;NTU;Fair
TZA00013;2016-01-10;00:00;1.0;SO4-Tot;SO4-TURB;;2.87;mg/l;Fair
TZA00013;2016-01-10;00:00;1.0;TSS;TSS-G;;8.0;mg/l;Fair
TZA00013;2016-01-10;00:00;1.0;TDP;COL-AA-SA-PPS;;0.03;mg/l;Fair
TZA00013;2016-01-10;00:00;11.0;TURB;NEPH;;3.2;NTU;Fair
TZA00013;2016-01-10;00:00;11.0;TSS;TSS-G;;8.0;mg/l;Fair
TZA00013;2016-01-10;00:00;11.0;pH;pH-POT-insitu;;8.5;---;Fair
TZA00013;2016-01-10;00:00;11.0;TP;COL-AA-PPS;;0.07;mg/l;Fair
TZA00013;2016-01-10;00:00;11.0;NH4N;COL-PHE;;0.03;mg/l;Fair
TZA00013;2016-01-10;00:00;1.0;DIP;COL-AA;;0.24;mg/l;Fair
TZA00013;2016-01-10;00:00;5.0;NH4N;COL-PHE;;0.06;mg/l;Fair
TZA00013;2016-01-10;00:00;5.0;SO4-Tot;SO4-TURB;;3.45;mg/l;Fair
TZA00013;2016-01-10;00:00;0.5;SO4-Tot;SO4-TURB;;3.14;mg/l;Fair
TZA00013;2016-01-10;00:00;0.5;TEMP;0;;26.4;°C;Fair
TZA00013;2016-01-10;00:00;0.5;Alk-Tot;0;;48.0;mg/l;Fair
TZA00013;2016-01-10;00:00;0.5;Fe-Tot;CPL-PHEN;;0.43;mg/l;Fair
TZA00013;2016-01-10;00:00;1.0;TDN;COL-AZO-Cd-PS;;0.854;mg/l;Fair
TZA00013;2016-01-10;00:00;1.0;TP;COL-AA-PPS;;0.07;mg/l;Fair
TZA00013;2016-01-10;00:00;1.0;TN;COL-AZO-Cd-PS;;0.86;mg/l;Fair
TZA00013;2016-01-10;00:00;1.0;Alk-Phen;0;;8.0;mg/l;Fair
TZA00013;2016-01-10;00:00;1.0;Ca-Tot;0;;5.61;mg/l;Fair
TZA00013;2016-01-10;00:00;1.0;Fe-Tot;CPL-PHEN;;0.45;mg/l;Fair
TZA00013;2016-01-10;00:00;11.0;Fe-Tot;CPL-PHEN;;0.08;mg/l;Fair
TZA00013;2016-01-10;00:00;11.0;Ca-Tot;0;;5.61;mg/l;Fair
TZA00013;2016-01-10;00:00;11.0;EC;EC-CND-FLD;;95.0;µS/cm;Fair
TZA00013;2016-01-10;00:00;11.0;TN;COL-AZO-Cd-PS;;0.16;mg/l;Fair
TZA00013;2016-01-10;00:00;11.0;Chl-a;0;;0.0099;mg/l;Fair
TZA00013;2016-01-10;00:00;5.0;Chl-a;0;;0.0134;mg/l;Fair
TZA00013;2016-01-10;00:00;5.0;pH;pH-POT-insitu;;8.58;---;Fair
TZA00013;2016-01-10;00:00;5.0;TSS;TSS-G;;8.0;mg/l;Fair
TZA00013;2016-01-10;00:00;5.0;TURB;NEPH;;3.4;NTU;Fair
TZA00013;2016-01-10;00:00;5.0;TDP;COL-AA-SA-PPS;;0.03;mg/l;Fair
TZA00013;2016-01-10;00:00;0.5;NO2N;COL-AZO;;0.05;mg/l;Fair
TZA00013;2016-01-10;00:00;0.5;TDS;TDS-G-105;;66.0;mg/l;Fair
TZA00013;2016-01-10;00:00;1.0;NH4N;COL-PHE;;0.04;mg/l;Fair
TZA00013;2016-01-10;00:00;1.0;TDS;TDS-G-105;;65.0;mg/l;Fair
TZA00013;2016-01-10;00:00;1.0;O2-Dis;O2-ISE;;5.94;mg/l;Fair
TZA00013;2016-01-10;00:00;1.0;TEMP;0;;26.0;°C;Fair
TZA00013;2016-01-10;00:00;1.0;Alk-Tot;0;;48.0;mg/l;Fair
TZA00013;2016-01-10;00:00;11.0;Mg-Tot;0;;4.37;mg/l;Fair
TZA00013;2016-01-10;00:00;11.0;Alk-Tot;0;;50.0;mg/l;Fair
TZA00013;2016-01-10;00:00;11.0;O2-Dis;O2-ISE;;5.57;mg/l;Fair
TZA00013;2016-01-10;00:00;11.0;NO3N;COL-AZO-Cd;;0.15;mg/l;Fair
TZA00013;2016-01-10;00:00;11.0;DIP;COL-AA;;0.23;mg/l;Fair
TZA00013;2016-01-10;00:00;5.0;O2-Dis;O2-ISE;;5.89;mg/l;Fair
TZA00013;2016-01-10;00:00;5.0;EC;EC-CND-FLD;;96.0;µS/cm;Fair
TZA00013;2016-01-10;00:00;5.0;TEMP;0;;25.4;°C;Fair
TZA00013;2016-01-10;00:00;5.0;Ca-Tot;0;;4.81;mg/l;Fair
TZA00013;2016-01-10;00:00;5.0;Mg-Tot;0;;5.83;mg/l;Fair
TZA00013;2016-01-10;00:00;0.5;TDP;COL-AA-SA-PPS;;0.03;mg/l;Fair
TZA00013;2016-01-10;00:00;0.5;pH;pH-POT-insitu;;8.34;---;Fair
TZA00013;2016-01-10;00:00;0.5;EC;EC-CND-FLD;;102.0;µS/cm;Fair
TZA00013;2016-01-10;00:00;0.5;Alk-Phen;0;;10.0;mg/l;Fair
TZA00013;2016-01-10;00:00;0.5;H-T;T-COL-EDTA-EBT;;30.0;mg/l;Fair
TZA00013;2016-01-10;00:00;2.0;SiO2-Rea;COL-HB;;4.3;mg/l;Fair
TZA00013;2016-01-10;00:00;1.0;NO3N;COL-AZO-Cd;;0.67;mg/l;Fair
TZA00013;2016-01-10;00:00;1.0;Chl-a;0;;0.0157;mg/l;Fair
TZA00013;2016-01-10;00:00;1.0;pH;pH-POT-insitu;;8.54;---;Fair
TZA00013;2016-01-10;00:00;1.0;EC;EC-CND-FLD;;100.0;µS/cm;Fair
TZA00013;2016-01-10;00:00;1.0;TURB;NEPH;;5.1;NTU;Fair
TZA00013;2016-01-10;00:00;1.0;H-T;T-COL-EDTA-EBT;;34.0;mg/l;Fair
TZA00013;2016-01-10;00:00;11.0;TDP;COL-AA-SA-PPS;;0.03;mg/l;Fair
TZA00013;2016-01-10;00:00;11.0;SO4-Tot;SO4-TURB;;4.83;mg/l;Fair
TZA00014;2016-01-10;12:00;;TEMP;TEMP-CND;;24.3;°C;Fair
TZA00014;2016-01-10;12:00;;pH;MZWQL-WI-7_8_002;;7.30666666666667;---;Fair
TZA00014;2016-01-10;12:00;;TURB;MZWQL-WI-7_2_007;;8.01666666666667;NTU;Fair
TZA00014;2016-01-10;12:00;;O2-Dis;MZWQL-WI-7_2_036;;4.71333333333333;mg/l;Fair
TZA00014;2016-01-10;12:00;;Alk-Tot;0;;56.6666666666667;mg/l;Fair
TZA00014;2016-01-10;12:00;;H-T;MZWQL-WI-7_2_010;;34.6666666666667;mg/l;Fair
TZA00014;2016-01-10;12:00;;NH4N;MZWQL-WI-7_2_006;;30.0;µg/l;Fair
TZA00014;2016-01-10;12:00;;Chl-a;MZWQL-WI-7_2_030;;24.5733333333333;µg/l;Fair
TZA00014;2016-01-10;12:00;;EC;MZWQL-WI-7_2_009;;115.0;µS/cm;Fair
TZA00014;2016-01-10;12:00;;TDS;MZWQL-WI-7_2_004;;74.3333333333333;mg/l;Fair
TZA00014;2016-01-10;12:00;;NO3N;MZWQL-WI-7_2_013;;751.466666666667;µg/l;Fair
TZA00014;2016-01-10;12:00;;Cl-Tot;0;;3.69666666666667;mg/l;Fair
TZA00014;2016-01-10;12:00;;NO2N;MZWQL-WI-7_2_016;;167.0;µg/l;Fair
TZA00014;2016-01-10;12:00;;SiO2-Dis;MZWQL-WI-7_2_024;;7183.33333333333;µg/l;Fair
TZA00014;2016-01-10;12:00;;DRP;MZWQL-WI-7_2_014;;20.0;µg/l;Fair
TZA00015;2016-01-07;00:00;2.5;SiO2-Rea;COL-HB;;0.53;mg/l;Fair
TZA00015;2016-01-07;00:00;2.5;NH4N;COL-PHE;;0.05;mg/l;Fair
TZA00015;2016-01-07;00:00;2.5;Alk-Tot;0;;60.0;mg/l;Fair
TZA00015;2016-01-07;00:00;2.5;EC;EC-CND-FLD;;111.0;µS/cm;Fair
TZA00015;2016-01-07;00:00;2.5;TURB;NEPH;;8.8;NTU;Fair
TZA00015;2016-01-07;00:00;2.5;SO4-Tot;SO4-TURB;;4.24;mg/l;Fair
TZA00015;2016-01-07;00:00;4.5;TSS;TSS-G;;53.3;mg/l;Fair
TZA00015;2016-01-07;00:00;4.5;NO3N;COL-AZO-Cd;;0.58;mg/l;Fair
TZA00015;2016-01-07;00:00;4.5;TDP;COL-AA-SA-PPS;;0.07;mg/l;Fair
TZA00015;2016-01-07;00:00;0.5;SiO2-Rea;COL-HB;;0.59;mg/l;Fair
TZA00015;2016-01-07;00:00;0.5;TSS;TSS-G;;16.7;mg/l;Fair
TZA00015;2016-01-07;00:00;0.5;TDS;TDS-G-105;;72.0;mg/l;Fair
TZA00015;2016-01-07;00:00;0.5;TN;COL-AZO-Cd-PS;;0.09;mg/l;Fair
TZA00015;2016-01-07;00:00;9.0;SO4-Tot;SO4-TURB;;4.0;mg/l;Fair
TZA00015;2016-01-07;00:00;9.0;Ca-Tot;0;;9.0;mg/l;Fair
TZA00015;2016-01-07;00:00;9.0;NO3N;COL-AZO-Cd;;0.65;mg/l;Fair
TZA00015;2016-01-07;00:00;9.0;SiO2-Rea;COL-HB;;0.7;mg/l;Fair
TZA00015;2016-01-07;12:00;;Cl-Tot;0;;3.72;mg/l;Fair
TZA00015;2016-01-07;00:00;10.0;DIP;COL-AA;;0.056;mg/l;Fair
TZA00015;2016-01-07;00:00;9.0;DIP;COL-AA;;0.03;mg/l;Fair
TZA00015;2016-01-07;00:00;0.5;DIP;COL-AA;;0.03;mg/l;Fair
TZA00015;2016-01-07;00:00;2.5;DIP;COL-AA;;0.03;mg/l;Fair
TZA00015;2016-01-07;00:00;4.5;DIP;COL-AA;;0.05;mg/l;Fair
TZA00015;2016-01-07;00:00;2.5;NO3N;COL-AZO-Cd;;0.75;mg/l;Fair
TZA00015;2016-01-07;00:00;2.5;H-T;T-COL-EDTA-EBT;;26.0;mg/l;Fair
TZA00015;2016-01-07;00:00;2.5;pH;pH-POT-insitu;;8.51;---;Fair
TZA00015;2016-01-07;00:00;2.5;TSS;TSS-G;;23.3;mg/l;Fair
TZA00015;2016-01-07;00:00;2.5;TDS;TDS-G-105;;72.0;mg/l;Fair
TZA00015;2016-01-07;00:00;2.5;TN;COL-AZO-Cd-PS;;0.08;mg/l;Fair
TZA00015;2016-01-07;00:00;4.5;NH4N;COL-PHE;;0.08;mg/l;Fair
TZA00015;2016-01-07;00:00;10.0;TDP;COL-AA-SA-PPS;;0.059;mg/l;Fair
TZA00015;2016-01-07;00:00;0.5;NO3N;COL-AZO-Cd;;0.79;mg/l;Fair
TZA00015;2016-01-07;00:00;0.5;TEMP;0;;26.8;°C;Fair
TZA00015;2016-01-07;00:00;0.5;TURB;NEPH;;8.5;NTU;Fair
TZA00015;2016-01-07;00:00;9.0;Chl-a;0;;0.0068;mg/l;Fair
TZA00015;2016-01-07;00:00;9.0;TN;COL-AZO-Cd-PS;;0.08;mg/l;Fair
TZA00015;2016-01-07;00:00;9.0;Alk-Tot;0;;68.0;mg/l;Fair
TZA00015;2016-01-07;00:00;9.0;NH4N;COL-PHE;;0.09;mg/l;Fair
TZA00015;2016-01-07;12:00;;SiO2-Dis;MZWQL-WI-7_2_024;;6056.66666666667;µg/l;Fair
TZA00015;2016-01-07;00:00;2.5;TDN;COL-AZO-Cd-PS;;0.078;mg/l;Fair
TZA00015;2016-01-07;00:00;2.5;TP;COL-AA-PPS;;0.0603;mg/l;Fair
TZA00015;2016-01-07;00:00;2.5;Chl-a;0;;0.0369;mg/l;Fair
TZA00015;2016-01-07;00:00;2.5;NO2N;COL-AZO;;4.0;mg/l;Fair
TZA00015;2016-01-07;00:00;4.5;TP;COL-AA-PPS;;0.0808;mg/l;Fair
TZA00015;2016-01-07;00:00;10.0;NO3N;COL-AZO-Cd;;0.49;mg/l;Fair
TZA00015;2016-01-07;00:00;0.5;Mg-Tot;0;;2.43;mg/l;Fair
TZA00015;2016-01-07;00:00;0.5;Ca-Tot;0;;7.21;mg/l;Fair
TZA00015;2016-01-07;00:00;0.5;H-T;T-COL-EDTA-EBT;;28.0;mg/l;Fair
TZA00015;2016-01-07;00:00;0.5;pH;pH-POT-insitu;;8.26;---;Fair
TZA00015;2016-01-07;00:00;0.5;Chl-a;0;;0.0378;mg/l;Fair
TZA00015;2016-01-07;00:00;0.5;NO2N;COL-AZO;;4.0;mg/l;Fair
TZA00015;2016-01-07;00:00;9.0;NO2N;COL-AZO;;30.0;mg/l;Fair
TZA00015;2016-01-07;00:00;9.0;TDS;TDS-G-105;;72.0;mg/l;Fair
TZA00015;2016-01-07;00:00;9.0;TSS;TSS-G;;26.7;mg/l;Fair
TZA00015;2016-01-07;00:00;9.0;EC;EC-CND-FLD;;110.0;µS/cm;Fair
TZA00015;2016-01-07;00:00;9.0;pH;pH-POT-insitu;;8.19;---;Fair
TZA00015;2016-01-07;00:00;9.0;H-T;T-COL-EDTA-EBT;;29.0;mg/l;Fair
TZA00015;2016-01-07;00:00;9.0;Mg-Tot;0;;1.7;mg/l;Fair
TZA00015;2016-01-07;00:00;2.5;Mg-Tot;0;;1.94;mg/l;Fair
TZA00015;2016-01-07;00:00;2.5;O2-Dis;O2-ISE;;7.95;mg/l;Fair
TZA00015;2016-01-07;00:00;2.5;TEMP;0;;27.1;°C;Fair
TZA00015;2016-01-07;00:00;2.5;TDP;COL-AA-SA-PPS;;0.03;mg/l;Fair
TZA00015;2016-01-07;00:00;10.0;NH4N;COL-PHE;;0.49;mg/l;Fair
TZA00015;2016-01-07;00:00;0.5;TDN;COL-AZO-Cd-PS;;0.085;mg/l;Fair
TZA00015;2016-01-07;00:00;0.5;Alk-Phen;0;;16.0;mg/l;Fair
TZA00015;2016-01-07;00:00;0.5;O2-Dis;O2-ISE;;7.95;mg/l;Fair
TZA00015;2016-01-07;00:00;0.5;Fe-Tot;CPL-PHEN;;0.79;mg/l;Fair
TZA00015;2016-01-07;00:00;0.5;TDP;COL-AA-SA-PPS;;0.04;mg/l;Fair
TZA00015;2016-01-07;00:00;9.0;Fe-Tot;CPL-PHEN;;0.28;mg/l;Fair
TZA00015;2016-01-07;00:00;9.0;TP;COL-AA-PPS;;0.0705;mg/l;Fair
TZA00015;2016-01-07;00:00;9.0;TEMP;0;;26.4;°C;Fair
TZA00015;2016-01-07;00:00;9.0;O2-Dis;O2-ISE;;6.6;mg/l;Fair
TZA00015;2016-01-07;12:00;;NO2N;MZWQL-WI-7_2_016;;30.0;µg/l;Fair
TZA00015;2016-01-07;12:00;;DRP;MZWQL-WI-7_2_014;;30.0;µg/l;Fair
TZA00015;2016-01-07;00:00;2.5;Ca-Tot;0;;7.0;mg/l;Fair
TZA00015;2016-01-07;00:00;2.5;Alk-Phen;0;;14.0;mg/l;Fair
TZA00015;2016-01-07;00:00;2.5;Fe-Tot;CPL-PHEN;;0.66;mg/l;Fair
TZA00015;2016-01-07;00:00;10.0;TP;COL-AA-PPS;;0.1021;mg/l;Fair
TZA00015;2016-01-07;00:00;10.0;TSS;TSS-G;;93.3;mg/l;Fair
TZA00015;2016-01-07;00:00;0.5;NH4N;COL-PHE;;0.04;mg/l;Fair
TZA00015;2016-01-07;00:00;0.5;Alk-Tot;0;;62.0;mg/l;Fair
TZA00015;2016-01-07;00:00;0.5;EC;EC-CND-FLD;;113.0;µS/cm;Fair
TZA00015;2016-01-07;00:00;0.5;TP;COL-AA-PPS;;0.0603;mg/l;Fair
TZA00015;2016-01-07;00:00;0.5;SO4-Tot;SO4-TURB;;4.63;mg/l;Fair
TZA00015;2016-01-07;00:00;9.0;TDP;COL-AA-SA-PPS;;0.04;mg/l;Fair
TZA00015;2016-01-07;00:00;9.0;TURB;NEPH;;6.5;NTU;Fair
TZA00015;2016-01-07;00:00;9.0;TDN;COL-AZO-Cd-PS;;0.077;mg/l;Fair
TZA00016;2016-01-07;00:00;2.0;Ca-Tot;0;;5.0;mg/l;Fair
TZA00016;2016-01-07;00:00;2.0;SO4-Tot;SO4-TURB;;4.12;mg/l;Fair
TZA00016;2016-01-07;00:00;2.0;O2-Dis;O2-ISE;;6.69;mg/l;Fair
TZA00016;2016-01-07;00:00;2.0;H-T;T-COL-EDTA-EBT;;25.0;mg/l;Fair
TZA00016;2016-01-07;00:00;8.0;SiO2-Rea;COL-HB;;10.1;mg/l;Fair
TZA00016;2016-01-07;00:00;8.0;SO4-Tot;SO4-TURB;;3.26;mg/l;Fair
TZA00016;2016-01-07;00:00;8.0;TSS;TSS-G;;50.0;mg/l;Fair
TZA00016;2016-01-07;00:00;8.0;O2-Dis;O2-ISE;;4.89;mg/l;Fair
TZA00016;2016-01-07;00:00;8.0;H-T;T-COL-EDTA-EBT;;31.8;mg/l;Fair
TZA00016;2016-01-07;00:00;0.5;TDP;COL-AA-SA-PPS;;0.07;mg/l;Fair
TZA00016;2016-01-07;00:00;0.5;NH4N;COL-PHE;;0.18;mg/l;Fair
TZA00016;2016-01-07;00:00;0.5;Alk-Phen;0;;58.0;mg/l;Fair
TZA00016;2016-01-07;00:00;0.5;Mg-Tot;0;;4.37;mg/l;Fair
TZA00016;2016-01-07;12:00;;Cl-Tot;0;;3.06666666666667;mg/l;Fair
TZA00016;2016-01-07;12:00;;DRP;MZWQL-WI-7_2_014;;0.06;µg/l;Fair
TZA00016;2016-01-07;00:00;8.0;DIP;COL-AA;;0.004;mg/l;Fair
TZA00016;2016-01-07;00:00;2.0;Fe-Tot;CPL-PHEN;;0.48;mg/l;Fair
TZA00016;2016-01-07;00:00;2.0;TURB;NEPH;;9.0;NTU;Fair
TZA00016;2016-01-07;00:00;8.0;TDP;COL-AA-SA-PPS;;0.05;mg/l;Fair
TZA00016;2016-01-07;00:00;8.0;TURB;NEPH;;7.1;NTU;Fair
TZA00016;2016-01-07;00:00;8.0;NO2N;COL-AZO;;30.0;mg/l;Fair
TZA00016;2016-01-07;00:00;0.5;Fe-Tot;CPL-PHEN;;0.39;mg/l;Fair
TZA00016;2016-01-07;00:00;0.5;SO4-Tot;SO4-TURB;;5.92;mg/l;Fair
TZA00016;2016-01-07;12:00;;Chl-a;MZWQL-WI-7_2_030;;28.7766666666667;µg/l;Fair
TZA00016;2016-01-07;12:00;;pH;MZWQL-WI-7_8_002;;7.44;---;Fair
TZA00016;2016-01-07;00:00;2.0;DIP;COL-AA;;0.007;mg/l;Fair
TZA00016;2016-01-07;00:00;2.0;SiO2-Rea;COL-HB;;5.6;mg/l;Fair
TZA00016;2016-01-07;00:00;2.0;NO2N;COL-AZO;;3.0;mg/l;Fair
TZA00016;2016-01-07;00:00;8.0;Ca-Tot;0;;6.0;mg/l;Fair
TZA00016;2016-01-07;00:00;8.0;TP;COL-AA-PPS;;0.0831;mg/l;Fair
TZA00016;2016-01-07;00:00;8.0;TEMP;0;;25.8;°C;Fair
TZA00016;2016-01-07;00:00;8.0;TDS;TDS-G-105;;78.0;mg/l;Fair
TZA00016;2016-01-07;00:00;0.5;Ca-Tot;0;;3.0;mg/l;Fair
TZA00016;2016-01-07;00:00;0.5;TP;COL-AA-PPS;;0.0801;mg/l;Fair
TZA00016;2016-01-07;00:00;0.5;TEMP;0;;26.1;°C;Fair
TZA00016;2016-01-07;00:00;0.5;TDS;TDS-G-105;;117.0;mg/l;Fair
TZA00016;2016-01-07;00:00;0.5;NO2N;COL-AZO;;4.0;mg/l;Fair
TZA00016;2016-01-07;00:00;0.5;TDN;COL-AZO-Cd-PS;;0.002;mg/l;Fair
TZA00016;2016-01-07;00:00;2.0;NH4N;COL-PHE;;0.08;mg/l;Fair
TZA00016;2016-01-07;00:00;2.0;Alk-Tot;0;;52.0;mg/l;Fair
TZA00016;2016-01-07;00:00;2.0;TP;COL-AA-PPS;;0.0796;mg/l;Fair
TZA00016;2016-01-07;00:00;2.0;TDS;TDS-G-105;;76.0;mg/l;Fair
TZA00016;2016-01-07;00:00;2.0;EC;EC-CND-FLD;;120.0;µS/cm;Fair
TZA00016;2016-01-07;00:00;2.0;TSS;TSS-G;;36.7;mg/l;Fair
TZA00016;2016-01-07;00:00;2.0;Mg-Tot;0;;3.16;mg/l;Fair
TZA00016;2016-01-07;00:00;8.0;EC;EC-CND-FLD;;133.0;µS/cm;Fair
TZA00016;2016-01-07;00:00;8.0;TN;COL-AZO-Cd-PS;;0.06;mg/l;Fair
TZA00016;2016-01-07;00:00;0.5;SiO2-Rea;COL-HB;;5.9;mg/l;Fair
TZA00016;2016-01-07;00:00;0.5;Alk-Tot;0;;64.0;mg/l;Fair
TZA00016;2016-01-07;00:00;0.5;TN;COL-AZO-Cd-PS;;0.17;mg/l;Fair
TZA00016;2016-01-07;00:00;0.5;TURB;NEPH;;6.8;NTU;Fair
TZA00016;2016-01-07;00:00;0.5;NO3N;COL-AZO-Cd;;1.24;mg/l;Fair
TZA00016;2016-01-07;12:00;;NO2N;MZWQL-WI-7_2_016;;17.0;µg/l;Fair
TZA00016;2016-01-07;12:00;;SiO2-Dis;MZWQL-WI-7_2_024;;7200.0;µg/l;Fair
TZA00016;2016-01-07;00:00;2.0;TDP;COL-AA-SA-PPS;;0.07;mg/l;Fair
TZA00016;2016-01-07;00:00;2.0;TEMP;0;;26.0;°C;Fair
TZA00016;2016-01-07;00:00;8.0;NH4N;COL-PHE;;0.08;mg/l;Fair
TZA00016;2016-01-07;00:00;8.0;Fe-Tot;CPL-PHEN;;0.44;mg/l;Fair
TZA00016;2016-01-07;00:00;8.0;Alk-Tot;0;;70.0;mg/l;Fair
TZA00016;2016-01-07;00:00;8.0;Mg-Tot;0;;4.08;mg/l;Fair
TZA00016;2016-01-07;00:00;8.0;NO3N;COL-AZO-Cd;;0.57;mg/l;Fair
TZA00016;2016-01-07;00:00;0.5;TSS;TSS-G;;16.7;mg/l;Fair
TZA00016;2016-01-07;00:00;0.5;EC;EC-CND-FLD;;117.0;µS/cm;Fair
TZA00016;2016-01-07;00:00;0.5;O2-Dis;O2-ISE;;6.95;mg/l;Fair
TZA00016;2016-01-07;00:00;0.5;H-T;T-COL-EDTA-EBT;;26.0;mg/l;Fair
TZA00016;2016-01-07;00:00;0.5;DIP;COL-AA;;0.007;mg/l;Fair
TZA00017;2016-01-01;12:00;;TEMP;TEMP-CND;;25.7333333333333;°C;Fair
TZA00017;2016-01-01;12:00;;TDS;MZWQL-WI-7_2_004;;92.6666666666667;mg/l;Fair
TZA00017;2016-01-01;12:00;;Alk-Tot;0;;74.6666666666667;mg/l;Fair
TZA00017;2016-01-01;12:00;;Cl-Tot;0;;3.53333333333333;mg/l;Fair
TZA00017;2016-01-01;12:00;;NO3N;MZWQL-WI-7_2_013;;760.0;µg/l;Fair
TZA00017;2016-01-01;12:00;;NH4N;MZWQL-WI-7_2_006;;0.246666666666667;µg/l;Fair
TZA00017;2016-01-01;12:00;;H-T;MZWQL-WI-7_2_010;;31.3333333333333;mg/l;Fair
TZA00017;2016-01-01;12:00;;DRP;MZWQL-WI-7_2_014;;56.6666666666667;µg/l;Fair
TZA00017;2016-01-01;12:00;;Chl-a;MZWQL-WI-7_2_030;;32.3333333333333;µg/l;Fair
TZA00017;2016-01-01;12:00;;pH;MZWQL-WI-7_8_002;;7.02666666666667;---;Fair
TZA00017;2016-01-01;12:00;;EC;MZWQL-WI-7_2_009;;142.666666666667;µS/cm;Fair
TZA00017;2016-01-01;12:00;;TURB;MZWQL-WI-7_2_007;;31.0;NTU;Fair
TZA00017;2016-01-01;12:00;;O2-Dis;MZWQL-WI-7_2_036;;7.03666666666667;mg/l;Fair
TZA00017;2016-01-01;12:00;;NO2N;MZWQL-WI-7_2_016;;0.0213333333333333;µg/l;Fair
TZA00017;2016-01-01;12:00;;SiO2-Dis;MZWQL-WI-7_2_024;;9870.0;µg/l;Fair
TZA00018;2016-01-07;12:00;;Cl-Tot;0;;3.7;mg/l;Fair
TZA00018;2016-01-07;12:00;;TDS;MZWQL-WI-7_2_004;;97.3333333333333;mg/l;Fair
TZA00018;2016-01-07;12:00;;Chl-a;MZWQL-WI-7_2_030;;31.525;µg/l;Fair
TZA00018;2016-01-07;12:00;;NO3N;MZWQL-WI-7_2_013;;1.15;µg/l;Fair
TZA00018;2016-01-07;12:00;;pH;MZWQL-WI-7_8_002;;6.72666666666667;---;Fair
TZA00018;2016-01-07;12:00;;TURB;MZWQL-WI-7_2_007;;25.3333333333333;NTU;Fair
TZA00018;2016-01-07;12:00;;Alk-Tot;0;;74.0;mg/l;Fair
TZA00018;2016-01-07;12:00;;DRP;MZWQL-WI-7_2_014;;30.0;µg/l;Fair
TZA00018;2016-01-07;12:00;;SiO2-Dis;MZWQL-WI-7_2_024;;11266.6666666667;µg/l;Fair
TZA00018;2016-01-07;12:00;;NH4N;MZWQL-WI-7_2_006;;57.0;µg/l;Fair
TZA00018;2016-01-07;12:00;;H-T;MZWQL-WI-7_2_010;;34.6666666666667;mg/l;Fair
TZA00018;2016-01-07;12:00;;O2-Dis;MZWQL-WI-7_2_036;;6.33666666666667;mg/l;Fair
TZA00018;2016-01-07;12:00;;TEMP;TEMP-CND;;25.3;°C;Fair
TZA00018;2016-01-07;12:00;;EC;MZWQL-WI-7_2_009;;150.0;µS/cm;Fair
TZA00019;2016-07-08;12:00;;TDS;MZWQL-WI-7_2_004;;100.333333333333;mg/l;Fair
TZA00019;2016-07-08;12:00;;Alk-Tot;0;;29.3333333333333;mg/l;Fair
TZA00019;2016-07-08;12:00;;H-T;MZWQL-WI-7_2_010;;36.0;mg/l;Fair
TZA00019;2016-07-08;12:00;;Cl-Tot;0;;3.23333333333333;mg/l;Fair
TZA00019;2016-07-08;12:00;;NH4N;MZWQL-WI-7_2_006;;60.0;µg/l;Fair
TZA00019;2016-07-08;12:00;;DRP;MZWQL-WI-7_2_014;;39.1;µg/l;Fair
TZA00019;2016-07-08;12:00;;pH;MZWQL-WI-7_8_002;;6.69666666666667;---;Fair
TZA00019;2016-07-08;12:00;;NO2N;MZWQL-WI-7_2_016;;20.0;µg/l;Fair
TZA00019;2016-07-08;12:00;;SiO2-Dis;MZWQL-WI-7_2_024;;10130.0;µg/l;Fair
TZA00019;2016-07-08;12:00;;TURB;MZWQL-WI-7_2_007;;63.3333333333333;NTU;Fair
TZA00019;2016-07-08;12:00;;TEMP;TEMP-CND;;25.7666666666667;°C;Fair
TZA00019;2016-07-08;12:00;;EC;MZWQL-WI-7_2_009;;155.0;µS/cm;Fair
TZA00019;2016-07-08;12:00;;O2-Dis;MZWQL-WI-7_2_036;;6.66;mg/l;Fair
TZA00019;2016-07-08;12:00;;NO3N;MZWQL-WI-7_2_013;;1580.0;µg/l;Fair
TZA00019;2016-07-08;12:00;;Chl-a;MZWQL-WI-7_2_030;;19.4;µg/l;Fair
TZA00021;2016-01-08;00:00;17.0;Fe-Tot;CPL-PHEN;;0.11;mg/l;Fair
TZA00021;2016-01-08;00:00;17.0;SO4-Tot;SO4-TURB;;7.05;mg/l;Fair
TZA00021;2016-01-08;00:00;17.0;TN;COL-AZO-Cd-PS;;0.02;mg/l;Fair
TZA00021;2016-01-08;00:00;17.0;TEMP;0;;25.7;°C;Fair
TZA00021;2016-01-08;00:00;17.0;pH;pH-POT-insitu;;7.64;---;Fair
TZA00021;2016-01-08;00:00;17.0;TURB;NEPH;;3.7;NTU;Fair
TZA00021;2016-01-08;00:00;4.5;H-T;T-COL-EDTA-EBT;;25.0;mg/l;Fair
TZA00021;2016-01-08;00:00;4.5;Alk-Tot;0;;60.0;mg/l;Fair
TZA00021;2016-01-08;00:00;4.5;Chl-a;0;;0.0064;mg/l;Fair
TZA00021;2016-01-08;00:00;4.5;Ca-Tot;0;;6.0;mg/l;Fair
TZA00021;2016-01-08;00:00;0.5;Fe-Tot;CPL-PHEN;;0.27;mg/l;Fair
TZA00021;2016-01-08;00:00;0.5;SO4-Tot;SO4-TURB;;5.21;mg/l;Fair
TZA00021;2016-01-08;00:00;0.5;TURB;NEPH;;6.8;NTU;Fair
TZA00021;2016-01-08;00:00;0.5;TSS;TSS-G;;10.0;mg/l;Fair
TZA00021;2016-01-08;00:00;0.5;EC;EC-CND-FLD;;99.0;µS/cm;Fair
TZA00021;2016-01-08;00:00;0.5;O2-Dis;O2-ISE;;7.64;mg/l;Fair
TZA00021;2016-01-08;00:00;0.5;TDN;COL-AZO-Cd-PS;;0.4;mg/l;Fair
TZA00021;2016-01-08;00:00;2.0;EC;EC-CND-FLD;;102.0;µS/cm;Fair
TZA00021;2016-01-08;00:00;2.0;pH;pH-POT-insitu;;8.35;---;Fair
TZA00021;2016-01-08;00:00;2.0;TN;COL-AZO-Cd-PS;;0.02;mg/l;Fair
TZA00021;2016-01-08;00:00;2.0;TP;COL-AA-PPS;;0.006;mg/l;Fair
TZA00021;2016-01-08;00:00;10.0;NO3N;COL-AZO-Cd;;0.05;mg/l;Fair
TZA00021;2016-01-08;00:00;10.0;Alk-Phen;0;;6.0;mg/l;Fair
TZA00021;2016-01-08;00:00;10.0;Ca-Tot;0;;6.0;mg/l;Fair
TZA00021;2016-01-08;00:00;10.0;Mg-Tot;0;;1.7;mg/l;Fair
TZA00021;2016-01-08;00:00;17.0;Ca-Tot;0;;7.0;mg/l;Fair
TZA00021;2016-01-08;00:00;17.0;O2-Dis;O2-ISE;;4.69;mg/l;Fair
TZA00021;2016-01-08;00:00;17.0;Alk-Tot;0;;122.0;mg/l;Fair
TZA00021;2016-01-08;00:00;4.5;NO3N;COL-AZO-Cd;;0.03;mg/l;Fair
TZA00021;2016-01-08;00:00;4.5;Alk-Phen;0;;8.0;mg/l;Fair
TZA00021;2016-01-08;00:00;4.5;TEMP;0;;26.4;°C;Fair
TZA00021;2016-01-08;00:00;4.5;TDP;COL-AA-SA-PPS;;0.05;mg/l;Fair
TZA00021;2016-01-08;00:00;0.5;TDP;COL-AA-SA-PPS;;0.05;mg/l;Fair
TZA00021;2016-01-08;00:00;0.5;TP;COL-AA-PPS;;0.006;mg/l;Fair
TZA00021;2016-01-08;00:00;0.5;H-T;T-COL-EDTA-EBT;;23.0;mg/l;Fair
TZA00021;2016-01-08;00:00;2.0;TDP;COL-AA-SA-PPS;;0.04;mg/l;Fair
TZA00021;2016-01-08;00:00;2.0;TEMP;0;;26.8;°C;Fair
TZA00021;2016-01-08;00:00;2.0;H-T;T-COL-EDTA-EBT;;26.0;mg/l;Fair
TZA00021;2016-01-08;00:00;2.0;NH4N;COL-PHE;;0.05;mg/l;Fair
TZA00021;2016-01-08;00:00;2.0;NO3N;COL-AZO-Cd;;0.06;mg/l;Fair
TZA00021;2016-01-08;00:00;10.0;TURB;NEPH;;2.4;NTU;Fair
TZA00021;2016-01-08;00:00;10.0;SO4-Tot;SO4-TURB;;8.42;mg/l;Fair
TZA00021;2016-01-08;00:00;17.0;DIP;COL-AA;;0.1;mg/l;Fair
TZA00021;2016-01-08;00:00;4.5;DIP;COL-AA;;0.005;mg/l;Fair
TZA00021;2016-01-08;00:00;0.5;DIP;COL-AA;;0.04;mg/l;Fair
TZA00021;2016-01-08;00:00;17.0;TDP;COL-AA-SA-PPS;;0.06;mg/l;Fair
TZA00021;2016-01-08;00:00;17.0;Alk-Phen;0;;2.0;mg/l;Fair
TZA00021;2016-01-08;00:00;17.0;NO3N;COL-AZO-Cd;;0.02;mg/l;Fair
TZA00021;2016-01-08;00:00;4.5;NH4N;COL-PHE;;0.05;mg/l;Fair
TZA00021;2016-01-08;00:00;4.5;pH;pH-POT-insitu;;8.53;---;Fair
TZA00021;2016-01-08;00:00;4.5;Mg-Tot;0;;2.19;mg/l;Fair
TZA00021;2016-01-08;00:00;4.5;SiO2-Rea;COL-HB;;0.35;mg/l;Fair
TZA00021;2016-01-08;00:00;0.5;NO2N;COL-AZO;;0.03;mg/l;Fair
TZA00021;2016-01-08;00:00;0.5;TDS;TDS-G-105;;65.0;mg/l;Fair
TZA00021;2016-01-08;00:00;0.5;pH;pH-POT-insitu;;8.6;---;Fair
TZA00021;2016-01-08;00:00;0.5;TEMP;0;;27.0;°C;Fair
TZA00021;2016-01-08;00:00;0.5;TN;COL-AZO-Cd-PS;;0.08;mg/l;Fair
TZA00021;2016-01-08;00:00;0.5;Alk-Tot;0;;122.0;mg/l;Fair
TZA00021;2016-01-08;00:00;0.5;NH4N;COL-PHE;;0.05;mg/l;Fair
TZA00021;2016-01-08;00:00;2.0;SiO2-Rea;COL-HB;;0.04;mg/l;Fair
TZA00021;2016-01-08;00:00;2.0;Alk-Tot;0;;66.0;mg/l;Fair
TZA00021;2016-01-08;00:00;2.0;TDN;COL-AZO-Cd-PS;;0.1;mg/l;Fair
TZA00021;2016-01-08;00:00;10.0;NH4N;COL-PHE;;0.03;mg/l;Fair
TZA00021;2016-01-08;00:00;10.0;Alk-Tot;0;;58.0;mg/l;Fair
TZA00021;2016-01-08;00:00;10.0;TEMP;0;;25.9;°C;Fair
TZA00021;2016-01-08;00:00;10.0;O2-Dis;O2-ISE;;6.74;mg/l;Fair
TZA00021;2016-01-08;00:00;10.0;EC;EC-CND-FLD;;97.0;µS/cm;Fair
TZA00021;2016-01-08;00:00;10.0;Fe-Tot;CPL-PHEN;;0.24;mg/l;Fair
TZA00021;2016-01-08;00:00;17.0;Mg-Tot;0;;2.43;mg/l;Fair
TZA00021;2016-01-08;00:00;17.0;TSS;TSS-G;;3.3;mg/l;Fair
TZA00021;2016-01-08;00:00;17.0;TDS;TDS-G-105;;76.0;mg/l;Fair
TZA00021;2016-01-08;00:00;17.0;H-T;T-COL-EDTA-EBT;;28.0;mg/l;Fair
TZA00021;2016-01-08;00:00;17.0;NH4N;COL-PHE;;0.21;mg/l;Fair
TZA00021;2016-01-08;00:00;4.5;TP;COL-AA-PPS;;0.006;mg/l;Fair
TZA00021;2016-01-08;00:00;4.5;O2-Dis;O2-ISE;;7.22;mg/l;Fair
TZA00021;2016-01-08;00:00;4.5;TSS;TSS-G;;23.3;mg/l;Fair
TZA00021;2016-01-08;00:00;4.5;TDS;TDS-G-105;;66.0;mg/l;Fair
TZA00021;2016-01-08;00:00;4.5;SO4-Tot;SO4-TURB;;8.02;mg/l;Fair
TZA00021;2016-01-08;00:00;0.5;SiO2-Rea;COL-HB;;0.05;mg/l;Fair
TZA00021;2016-01-08;00:00;0.5;Chl-a;0;;0.0169;mg/l;Fair
TZA00021;2016-01-08;00:00;0.5;Alk-Phen;0;;12.0;mg/l;Fair
TZA00021;2016-01-08;00:00;2.0;SO4-Tot;SO4-TURB;;4.0;mg/l;Fair
TZA00021;2016-01-08;00:00;2.0;TSS;TSS-G;;30.0;mg/l;Fair
TZA00021;2016-01-08;00:00;2.0;Alk-Phen;0;;8.0;mg/l;Fair
TZA00021;2016-01-08;00:00;10.0;TP;COL-AA-PPS;;0.005;mg/l;Fair
TZA00021;2016-01-08;00:00;10.0;pH;pH-POT-insitu;;8.49;---;Fair
TZA00021;2016-01-08;00:00;10.0;TSS;TSS-G;;3.3;mg/l;Fair
TZA00021;2016-01-08;00:00;10.0;SiO2-Rea;COL-HB;;6.8;mg/l;Fair
TZA00021;2016-01-08;00:00;2.0;DIP;COL-AA;;0.04;mg/l;Fair
TZA00021;2016-01-08;00:00;17.0;SiO2-Rea;COL-HB;;4.1;mg/l;Fair
TZA00021;2016-01-08;00:00;17.0;TP;COL-AA-PPS;;0.007;mg/l;Fair
TZA00021;2016-01-08;00:00;17.0;EC;EC-CND-FLD;;118.0;µS/cm;Fair
TZA00021;2016-01-08;00:00;17.0;TDN;COL-AZO-Cd-PS;;0.019;mg/l;Fair
TZA00021;2016-01-08;00:00;4.5;TDN;COL-AZO-Cd-PS;;0.4;mg/l;Fair
TZA00021;2016-01-08;00:00;4.5;TN;COL-AZO-Cd-PS;;0.02;mg/l;Fair
TZA00021;2016-01-08;00:00;4.5;EC;EC-CND-FLD;;102.0;µS/cm;Fair
TZA00021;2016-01-08;00:00;4.5;TURB;NEPH;;3.5;NTU;Fair
TZA00021;2016-01-08;00:00;4.5;Fe-Tot;CPL-PHEN;;0.16;mg/l;Fair
TZA00021;2016-01-08;00:00;0.5;Mg-Tot;0;;2.67;mg/l;Fair
TZA00021;2016-01-08;00:00;0.5;Ca-Tot;0;;5.0;mg/l;Fair
TZA00021;2016-01-08;00:00;0.5;NO3N;COL-AZO-Cd;;0.06;mg/l;Fair
TZA00021;2016-01-08;00:00;2.0;Fe-Tot;CPL-PHEN;;0.25;mg/l;Fair
TZA00021;2016-01-08;00:00;2.0;Mg-Tot;0;;2.92;mg/l;Fair
TZA00021;2016-01-08;00:00;2.0;Ca-Tot;0;;6.0;mg/l;Fair
TZA00021;2016-01-08;00:00;2.0;TDS;TDS-G-105;;66.0;mg/l;Fair
TZA00021;2016-01-08;00:00;2.0;TURB;NEPH;;9.7;NTU;Fair
TZA00021;2016-01-08;00:00;2.0;O2-Dis;O2-ISE;;7.35;mg/l;Fair
TZA00021;2016-01-08;00:00;2.0;Chl-a;0;;0.0128;mg/l;Fair
TZA00021;2016-01-08;00:00;10.0;TDN;COL-AZO-Cd-PS;;0.539;mg/l;Fair
TZA00021;2016-01-08;00:00;10.0;H-T;T-COL-EDTA-EBT;;23.0;mg/l;Fair
TZA00021;2016-01-08;00:00;10.0;Chl-a;0;;0.0076;mg/l;Fair
TZA00021;2016-01-08;00:00;10.0;TN;COL-AZO-Cd-PS;;0.06;mg/l;Fair
TZA00021;2016-01-08;00:00;10.0;TDS;TDS-G-105;;63.0;mg/l;Fair
TZA00021;2016-01-08;00:00;10.0;TDP;COL-AA-SA-PPS;;0.05;mg/l;Fair
TZA00021;2016-01-08;00:00;10.0;DIP;COL-AA;;0.04;mg/l;Fair
TZA00022;2016-01-08;12:00;;Cl-Tot;0;;3.61333333333333;mg/l;Fair
TZA00022;2016-01-08;12:00;;NO2N;MZWQL-WI-7_2_016;;0.45;µg/l;Fair
TZA00022;2016-01-08;00:00;0.5;DIP;COL-AA;;0.03;mg/l;Fair
TZA00022;2016-01-08;00:00;30.0;SO4-Tot;SO4-TURB;;4.34;mg/l;Fair
TZA00022;2016-01-08;00:00;30.0;TEMP;0;;24.7;°C;Fair
TZA00022;2016-01-08;00:00;30.0;O2-Dis;O2-ISE;;7.0;mg/l;Fair
TZA00022;2016-01-08;00:00;30.0;TSS;TSS-G;;4.0;mg/l;Fair
TZA00022;2016-01-08;00:00;30.0;H-T;T-COL-EDTA-EBT;;30.0;mg/l;Fair
TZA00022;2016-01-08;00:00;10.0;TDN;COL-AZO-Cd-PS;;0.01;mg/l;Fair
TZA00022;2016-01-08;00:00;10.0;Alk-Tot;0;;52.0;mg/l;Fair
TZA00022;2016-01-08;00:00;10.0;TURB;NEPH;;2.0;NTU;Fair
TZA00022;2016-01-08;00:00;10.0;TDP;COL-AA-SA-PPS;;0.04;mg/l;Fair
TZA00022;2016-01-08;00:00;0.5;SiO2-Rea;COL-HB;;4.12;mg/l;Fair
TZA00022;2016-01-08;00:00;0.5;TEMP;0;;25.5;°C;Fair
TZA00022;2016-01-08;00:00;0.5;Ca-Tot;0;;4.01;mg/l;Fair
TZA00022;2016-01-08;00:00;3.5;NO3N;COL-AZO-Cd;;0.31;mg/l;Fair
TZA00022;2016-01-08;00:00;3.5;pH;pH-POT-insitu;;7.46;---;Fair
TZA00022;2016-01-08;00:00;3.5;EC;EC-CND-FLD;;99.0;µS/cm;Fair
TZA00022;2016-01-08;00:00;3.5;Ca-Tot;0;;4.81;mg/l;Fair
TZA00022;2016-01-08;00:00;3.5;Fe-Tot;CPL-PHEN;;0.03;mg/l;Fair
TZA00022;2016-01-08;00:00;3.5;NO2N;COL-AZO;;4.0;mg/l;Fair
TZA00022;2016-01-08;00:00;20.0;TDN;COL-AZO-Cd-PS;;0.053;mg/l;Fair
TZA00022;2016-01-08;00:00;20.0;EC;EC-CND-FLD;;93.0;µS/cm;Fair
TZA00022;2016-01-08;00:00;20.0;O2-Dis;O2-ISE;;7.0;mg/l;Fair
TZA00022;2016-01-08;00:00;20.0;TURB;NEPH;;1.2;NTU;Fair
TZA00022;2016-01-08;00:00;20.0;SiO2-Rea;COL-HB;;3.33;mg/l;Fair
TZA00022;2016-01-08;00:00;44.0;SO4-Tot;SO4-TURB;;2.87;mg/l;Fair
TZA00022;2016-01-08;00:00;44.0;TURB;NEPH;;2.9;NTU;Fair
TZA00022;2016-01-08;00:00;44.0;pH;pH-POT-insitu;;6.92;---;Fair
TZA00022;2016-01-08;00:00;30.0;TDP;COL-AA-SA-PPS;;0.07;mg/l;Fair
TZA00022;2016-01-08;00:00;30.0;SiO2-Rea;COL-HB;;4.63;mg/l;Fair
TZA00022;2016-01-08;00:00;30.0;NH4N;COL-PHE;;0.03;mg/l;Fair
TZA00022;2016-01-08;00:00;30.0;TURB;NEPH;;2.2;NTU;Fair
TZA00022;2016-01-08;00:00;30.0;Mg-Tot;0;;3.4;mg/l;Fair
TZA00022;2016-01-08;00:00;10.0;Mg-Tot;0;;4.86;mg/l;Fair
TZA00022;2016-01-08;00:00;10.0;H-T;T-COL-EDTA-EBT;;32.0;mg/l;Fair
TZA00022;2016-01-08;00:00;10.0;TSS;TSS-G;;5.0;mg/l;Fair
TZA00022;2016-01-08;00:00;10.0;TP;COL-AA-PPS;;0.08;mg/l;Fair
TZA00022;2016-01-08;00:00;10.0;Chl-a;0;;0.0044;mg/l;Fair
TZA00022;2016-01-08;00:00;10.0;NH4N;COL-PHE;;0.04;mg/l;Fair
TZA00022;2016-01-08;00:00;10.0;NO3N;COL-AZO-Cd;;0.21;mg/l;Fair
TZA00022;2016-01-08;00:00;0.5;NO3N;COL-AZO-Cd;;0.65;mg/l;Fair
TZA00022;2016-01-08;00:00;0.5;SO4-Tot;SO4-TURB;;3.05;mg/l;Fair
TZA00022;2016-01-08;00:00;0.5;Chl-a;0;;0.0047;mg/l;Fair
TZA00022;2016-01-08;00:00;0.5;pH;pH-POT-insitu;;6.58;---;Fair
TZA00022;2016-01-08;00:00;0.5;TSS;TSS-G;;10.0;mg/l;Fair
TZA00022;2016-01-08;00:00;0.5;Fe-Tot;CPL-PHEN;;0.02;mg/l;Fair
TZA00022;2016-01-08;00:00;3.5;TP;COL-AA-PPS;;0.08;mg/l;Fair
TZA00022;2016-01-08;00:00;3.5;Alk-Tot;0;;48.0;mg/l;Fair
TZA00022;2016-01-08;00:00;3.5;H-T;T-COL-EDTA-EBT;;22.0;mg/l;Fair
TZA00022;2016-01-08;00:00;3.5;Mg-Tot;0;;2.43;mg/l;Fair
TZA00022;2016-01-08;00:00;20.0;pH;pH-POT-insitu;;7.57;---;Fair
TZA00022;2016-01-08;00:00;20.0;NO3N;COL-AZO-Cd;;0.58;mg/l;Fair
TZA00022;2016-01-08;00:00;44.0;Chl-a;0;;0.0011;mg/l;Fair
TZA00022;2016-01-08;00:00;44.0;EC;EC-CND-FLD;;94.0;µS/cm;Fair
TZA00022;2016-01-08;00:00;44.0;TSS;TSS-G;;8.0;mg/l;Fair
TZA00022;2016-01-08;00:00;44.0;Mg-Tot;0;;3.16;mg/l;Fair
TZA00022;2016-01-08;00:00;44.0;Fe-Tot;CPL-PHEN;;0.05;mg/l;Fair
TZA00022;2016-01-08;00:00;3.5;DIP;COL-AA;;0.03;mg/l;Fair
TZA00022;2016-01-08;00:00;30.0;DIP;COL-AA;;0.04;mg/l;Fair
TZA00022;2016-01-08;00:00;10.0;DIP;COL-AA;;0.03;mg/l;Fair
TZA00022;2016-01-08;00:00;20.0;DIP;COL-AA;;0.07;mg/l;Fair
TZA00022;2016-01-08;00:00;30.0;NO3N;COL-AZO-Cd;;0.48;mg/l;Fair
TZA00022;2016-01-08;00:00;30.0;TP;COL-AA-PPS;;0.09;mg/l;Fair
TZA00022;2016-01-08;00:00;30.0;EC;EC-CND-FLD;;94.0;µS/cm;Fair
TZA00022;2016-01-08;00:00;30.0;Fe-Tot;CPL-PHEN;;0.1;mg/l;Fair
TZA00022;2016-01-08;00:00;30.0;NO2N;COL-AZO;;4.0;mg/l;Fair
TZA00022;2016-01-08;00:00;30.0;TDN;COL-AZO-Cd-PS;;0.039;mg/l;Fair
TZA00022;2016-01-08;00:00;10.0;Alk-Phen;0;;4.0;mg/l;Fair
TZA00022;2016-01-08;00:00;10.0;pH;pH-POT-insitu;;7.58;---;Fair
TZA00022;2016-01-08;00:00;0.5;TP;COL-AA-PPS;;0.08;mg/l;Fair
TZA00022;2016-01-08;00:00;0.5;O2-Dis;O2-ISE;;7.53;mg/l;Fair
TZA00022;2016-01-08;00:00;0.5;Alk-Tot;0;;50.0;mg/l;Fair
TZA00022;2016-01-08;00:00;0.5;H-T;T-COL-EDTA-EBT;;25.0;mg/l;Fair
TZA00022;2016-01-08;00:00;0.5;NO2N;COL-AZO;;4.0;mg/l;Fair
TZA00022;2016-01-08;00:00;3.5;SiO2-Rea;COL-HB;;3.77;mg/l;Fair
TZA00022;2016-01-08;00:00;3.5;SO4-Tot;SO4-TURB;;4.16;mg/l;Fair
TZA00022;2016-01-08;00:00;3.5;Chl-a;0;;0.0047;mg/l;Fair
TZA00022;2016-01-08;00:00;3.5;TN;COL-AZO-Cd-PS;;0.42;mg/l;Fair
TZA00022;2016-01-08;00:00;3.5;TEMP;0;;25.6;°C;Fair
TZA00022;2016-01-08;00:00;3.5;Alk-Phen;0;;4.0;mg/l;Fair
TZA00022;2016-01-08;00:00;3.5;TDN;COL-AZO-Cd-PS;;0.036;mg/l;Fair
TZA00022;2016-01-08;00:00;20.0;Fe-Tot;CPL-PHEN;;0.06;mg/l;Fair
TZA00022;2016-01-08;00:00;20.0;Alk-Tot;0;;52.0;mg/l;Fair
TZA00022;2016-01-08;00:00;44.0;TP;COL-AA-PPS;;0.07;mg/l;Fair
TZA00022;2016-01-08;00:00;44.0;H-T;T-COL-EDTA-EBT;;29.0;mg/l;Fair
TZA00022;2016-01-08;12:00;;TDS;MZWQL-WI-7_2_004;;62.0;mg/l;Fair
TZA00022;2016-01-08;12:00;;DRP;MZWQL-WI-7_2_014;;45.0;µg/l;Fair
TZA00022;2016-01-08;00:00;30.0;Chl-a;0;;0.0026;mg/l;Fair
TZA00022;2016-01-08;00:00;30.0;pH;pH-POT-insitu;;7.01;---;Fair
TZA00022;2016-01-08;00:00;10.0;Ca-Tot;0;;4.81;mg/l;Fair
TZA00022;2016-01-08;00:00;10.0;O2-Dis;O2-ISE;;7.0;mg/l;Fair
TZA00022;2016-01-08;00:00;10.0;TEMP;0;;25.0;°C;Fair
TZA00022;2016-01-08;00:00;0.5;TDP;COL-AA-SA-PPS;;0.04;mg/l;Fair
TZA00022;2016-01-08;00:00;0.5;TN;COL-AZO-Cd-PS;;0.74;mg/l;Fair
TZA00022;2016-01-08;00:00;0.5;Mg-Tot;0;;3.65;mg/l;Fair
TZA00022;2016-01-08;00:00;3.5;NH4N;COL-PHE;;0.04;mg/l;Fair
TZA00022;2016-01-08;00:00;20.0;Ca-Tot;0;;4.81;mg/l;Fair
TZA00022;2016-01-08;00:00;20.0;H-T;T-COL-EDTA-EBT;;26.0;mg/l;Fair
TZA00022;2016-01-08;00:00;20.0;Alk-Phen;0;;4.0;mg/l;Fair
TZA00022;2016-01-08;00:00;20.0;TEMP;0;;24.9;°C;Fair
TZA00022;2016-01-08;00:00;20.0;TP;COL-AA-PPS;;0.07;mg/l;Fair
TZA00022;2016-01-08;00:00;20.0;Chl-a;0;;0.004;mg/l;Fair
TZA00022;2016-01-08;00:00;20.0;SO4-Tot;SO4-TURB;;2.83;mg/l;Fair
TZA00022;2016-01-08;00:00;20.0;NH4N;COL-PHE;;0.05;mg/l;Fair
TZA00022;2016-01-08;00:00;44.0;NO3N;COL-AZO-Cd;;0.29;mg/l;Fair
TZA00022;2016-01-08;00:00;44.0;TEMP;0;;24.4;°C;Fair
TZA00022;2016-01-08;00:00;44.0;NO2N;COL-AZO;;4.0;mg/l;Fair
TZA00022;2016-01-08;00:00;44.0;TDN;COL-AZO-Cd-PS;;0.035;mg/l;Fair
TZA00022;2016-01-08;12:00;;SiO2-Dis;MZWQL-WI-7_2_024;;4588.33333333333;µg/l;Fair
TZA00022;2016-01-08;00:00;30.0;TN;COL-AZO-Cd-PS;;0.45;mg/l;Fair
TZA00022;2016-01-08;00:00;30.0;Alk-Tot;0;;52.0;mg/l;Fair
TZA00022;2016-01-08;00:00;30.0;Ca-Tot;0;;6.41;mg/l;Fair
TZA00022;2016-01-08;00:00;10.0;NO2N;COL-AZO;;4.0;mg/l;Fair
TZA00022;2016-01-08;00:00;10.0;Fe-Tot;CPL-PHEN;;0.01;mg/l;Fair
TZA00022;2016-01-08;00:00;10.0;EC;EC-CND-FLD;;99.0;µS/cm;Fair
TZA00022;2016-01-08;00:00;10.0;TN;COL-AZO-Cd-PS;;0.31;mg/l;Fair
TZA00022;2016-01-08;00:00;10.0;SO4-Tot;SO4-TURB;;3.54;mg/l;Fair
TZA00022;2016-01-08;00:00;10.0;SiO2-Rea;COL-HB;;4.89;mg/l;Fair
TZA00022;2016-01-08;00:00;0.5;NH4N;COL-PHE;;0.06;mg/l;Fair
TZA00022;2016-01-08;00:00;0.5;TURB;NEPH;;1.7;NTU;Fair
TZA00022;2016-01-08;00:00;0.5;EC;EC-CND-FLD;;96.0;µS/cm;Fair
TZA00022;2016-01-08;00:00;0.5;Alk-Phen;0;;6.0;mg/l;Fair
TZA00022;2016-01-08;00:00;0.5;TDN;COL-AZO-Cd-PS;;0.068;mg/l;Fair
TZA00022;2016-01-08;00:00;3.5;TDP;COL-AA-SA-PPS;;0.04;mg/l;Fair
TZA00022;2016-01-08;00:00;3.5;TURB;NEPH;;1.5;NTU;Fair
TZA00022;2016-01-08;00:00;3.5;O2-Dis;O2-ISE;;7.0;mg/l;Fair
TZA00022;2016-01-08;00:00;3.5;TSS;TSS-G;;5.0;mg/l;Fair
TZA00022;2016-01-08;00:00;20.0;NO2N;COL-AZO;;4.0;mg/l;Fair
TZA00022;2016-01-08;00:00;20.0;Mg-Tot;0;;3.4;mg/l;Fair
TZA00022;2016-01-08;00:00;20.0;TSS;TSS-G;;8.0;mg/l;Fair
TZA00022;2016-01-08;00:00;20.0;TN;COL-AZO-Cd-PS;;0.59;mg/l;Fair
TZA00022;2016-01-08;00:00;20.0;TDP;COL-AA-SA-PPS;;0.07;mg/l;Fair
TZA00022;2016-01-08;00:00;44.0;TDP;COL-AA-SA-PPS;;0.05;mg/l;Fair
TZA00022;2016-01-08;00:00;44.0;SiO2-Rea;COL-HB;;6.79;mg/l;Fair
TZA00022;2016-01-08;00:00;44.0;NH4N;COL-PHE;;0.03;mg/l;Fair
TZA00022;2016-01-08;00:00;44.0;TN;COL-AZO-Cd-PS;;0.41;mg/l;Fair
TZA00022;2016-01-08;00:00;44.0;O2-Dis;O2-ISE;;7.0;mg/l;Fair
TZA00022;2016-01-08;00:00;44.0;Alk-Tot;0;;50.0;mg/l;Fair
TZA00022;2016-01-08;00:00;44.0;Ca-Tot;0;;6.41;mg/l;Fair
TZA00022;2016-01-08;00:00;44.0;DIP;COL-AA;;0.07;mg/l;Fair
TZA00023;2016-01-09;12:00;;DRP;MZWQL-WI-7_2_014;;51.6666666666667;µg/l;Fair
TZA00023;2016-01-09;00:00;30.0;DIP;COL-AA;;0.06;mg/l;Fair
TZA00023;2016-01-09;00:00;0.5;DIP;COL-AA;;0.05;mg/l;Fair
TZA00023;2016-01-09;00:00;30.0;TDS;TDS-G-105;;63.0;mg/l;Fair
TZA00023;2016-01-09;00:00;30.0;O2-Dis;O2-ISE;;7.0;mg/l;Fair
TZA00023;2016-01-09;00:00;30.0;Ca-Tot;0;;4.81;mg/l;Fair
TZA00023;2016-01-09;00:00;30.0;TDP;COL-AA-SA-PPS;;0.05;mg/l;Fair
TZA00023;2016-01-09;00:00;4.5;SiO2-Rea;COL-HB;;2.91;mg/l;Fair
TZA00023;2016-01-09;00:00;4.5;EC;EC-CND-FLD;;97.0;µS/cm;Fair
TZA00023;2016-01-09;00:00;4.5;TURB;NEPH;;1.2;NTU;Fair
TZA00023;2016-01-09;00:00;4.5;Chl-a;0;;0.004;mg/l;Fair
TZA00023;2016-01-09;00:00;4.5;SO4-Tot;SO4-TURB;;4.48;mg/l;Fair
TZA00023;2016-01-09;00:00;54.0;Ca-Tot;0;;3.61;mg/l;Fair
TZA00023;2016-01-09;00:00;54.0;H-T;T-COL-EDTA-EBT;;25.0;mg/l;Fair
TZA00023;2016-01-09;00:00;54.0;EC;EC-CND-FLD;;97.0;µS/cm;Fair
TZA00023;2016-01-09;00:00;54.0;TSS;TSS-G;;8.0;mg/l;Fair
TZA00023;2016-01-09;00:00;54.0;TURB;NEPH;;1.3;NTU;Fair
TZA00023;2016-01-09;00:00;54.0;TP;COL-AA-PPS;;0.08;mg/l;Fair
TZA00023;2016-01-09;00:00;0.5;TP;COL-AA-PPS;;0.08;mg/l;Fair
TZA00023;2016-01-09;00:00;15.0;NO3N;COL-AZO-Cd;;0.06;mg/l;Fair
TZA00023;2016-01-09;00:00;15.0;Ca-Tot;0;;1.6;mg/l;Fair
TZA00023;2016-01-09;00:00;15.0;H-T;T-COL-EDTA-EBT;;24.0;mg/l;Fair
TZA00023;2016-01-09;00:00;15.0;Alk-Phen;0;;2.0;mg/l;Fair
TZA00023;2016-01-09;00:00;15.0;SO4-Tot;SO4-TURB;;2.47;mg/l;Fair
TZA00023;2016-01-09;00:00;30.0;TDN;COL-AZO-Cd-PS;;0.031;mg/l;Fair
TZA00023;2016-01-09;00:00;30.0;Chl-a;0;;0.0011;mg/l;Fair
TZA00023;2016-01-09;00:00;30.0;TEMP;0;;23.9;°C;Fair
TZA00023;2016-01-09;00:00;4.5;NO3N;COL-AZO-Cd;;0.4;mg/l;Fair
TZA00023;2016-01-09;00:00;4.5;Fe-Tot;CPL-PHEN;;0.02;mg/l;Fair
TZA00023;2016-01-09;00:00;4.5;Alk-Tot;0;;52.0;mg/l;Fair
TZA00023;2016-01-09;00:00;4.5;NO2N;COL-AZO;;0.04;mg/l;Fair
TZA00023;2016-01-09;00:00;54.0;TN;COL-AZO-Cd-PS;;0.13;mg/l;Fair
TZA00023;2016-01-09;00:00;54.0;Chl-a;0;;0.0018;mg/l;Fair
TZA00023;2016-01-09;00:00;0.5;SO4-Tot;SO4-TURB;;2.74;mg/l;Fair
TZA00023;2016-01-09;00:00;0.5;Chl-a;0;;0.0055;mg/l;Fair
TZA00023;2016-01-09;00:00;0.5;TURB;NEPH;;1.2;NTU;Fair
TZA00023;2016-01-09;00:00;0.5;EC;EC-CND-FLD;;97.0;µS/cm;Fair
TZA00023;2016-01-09;00:00;0.5;H-T;T-COL-EDTA-EBT;;20.0;mg/l;Fair
TZA00023;2016-01-09;00:00;0.5;NH4N;COL-PHE;;0.04;mg/l;Fair
TZA00023;2016-01-09;00:00;15.0;SiO2-Rea;COL-HB;;3.41;mg/l;Fair
TZA00023;2016-01-09;00:00;15.0;Alk-Tot;0;;52.0;mg/l;Fair
TZA00023;2016-01-09;00:00;15.0;TURB;NEPH;;1.2;NTU;Fair
TZA00023;2016-01-09;00:00;15.0;TN;COL-AZO-Cd-PS;;0.12;mg/l;Fair
TZA00023;2016-01-09;00:00;15.0;TDN;COL-AZO-Cd-PS;;0.005;mg/l;Fair
TZA00023;2016-01-09;00:00;45.0;Chl-a;0;;0.0018;mg/l;Fair
TZA00023;2016-01-09;00:00;45.0;pH;pH-POT-insitu;;7.41;---;Fair
TZA00023;2016-01-09;00:00;45.0;EC;EC-CND-FLD;;95.0;µS/cm;Fair
TZA00023;2016-01-09;00:00;45.0;Ca-Tot;0;;0.4;mg/l;Fair
TZA00023;2016-01-09;00:00;45.0;Fe-Tot;CPL-PHEN;;0.09;mg/l;Fair
TZA00023;2016-01-09;00:00;45.0;NH4N;COL-PHE;;0.02;mg/l;Fair
TZA00023;2016-01-09;00:00;45.0;NO3N;COL-AZO-Cd;;0.08;mg/l;Fair
TZA00023;2016-01-09;00:00;4.5;DIP;COL-AA;;0.04;mg/l;Fair
TZA00023;2016-01-09;00:00;30.0;NO2N;COL-AZO;;0.01;mg/l;Fair
TZA00023;2016-01-09;00:00;30.0;EC;EC-CND-FLD;;95.0;µS/cm;Fair
TZA00023;2016-01-09;00:00;30.0;SiO2-Rea;COL-HB;;4.42;mg/l;Fair
TZA00023;2016-01-09;00:00;4.5;TDP;COL-AA-SA-PPS;;0.04;mg/l;Fair
TZA00023;2016-01-09;00:00;4.5;NH4N;COL-PHE;;0.18;mg/l;Fair
TZA00023;2016-01-09;00:00;4.5;Mg-Tot;0;;4.62;mg/l;Fair
TZA00023;2016-01-09;00:00;4.5;H-T;T-COL-EDTA-EBT;;27.0;mg/l;Fair
TZA00023;2016-01-09;00:00;4.5;TEMP;0;;24.4;°C;Fair
TZA00023;2016-01-09;00:00;4.5;TDS;TDS-G-105;;62.0;mg/l;Fair
TZA00023;2016-01-09;00:00;4.5;TDN;COL-AZO-Cd-PS;;0.037;mg/l;Fair
TZA00023;2016-01-09;00:00;54.0;Mg-Tot;0;;3.89;mg/l;Fair
TZA00023;2016-01-09;00:00;54.0;TDS;TDS-G-105;;63.0;mg/l;Fair
TZA00023;2016-01-09;00:00;0.5;TDS;TDS-G-105;;64.0;mg/l;Fair
TZA00023;2016-01-09;00:00;0.5;TSS;TSS-G;;8.0;mg/l;Fair
TZA00023;2016-01-09;00:00;0.5;pH;pH-POT-insitu;;7.83;---;Fair
TZA00023;2016-01-09;00:00;0.5;O2-Dis;O2-ISE;;7.0;mg/l;Fair
TZA00023;2016-01-09;00:00;0.5;Alk-Tot;0;;50.0;mg/l;Fair
TZA00023;2016-01-09;00:00;0.5;Fe-Tot;CPL-PHEN;;0.05;mg/l;Fair
TZA00023;2016-01-09;00:00;0.5;SiO2-Rea;COL-HB;;3.44;mg/l;Fair
TZA00023;2016-01-09;00:00;15.0;TDP;COL-AA-SA-PPS;;0.04;mg/l;Fair
TZA00023;2016-01-09;00:00;15.0;Mg-Tot;0;;4.86;mg/l;Fair
TZA00023;2016-01-09;00:00;15.0;O2-Dis;O2-ISE;;7.0;mg/l;Fair
TZA00023;2016-01-09;00:00;15.0;TDS;TDS-G-105;;63.0;mg/l;Fair
TZA00023;2016-01-09;00:00;15.0;TP;COL-AA-PPS;;0.05;mg/l;Fair
TZA00023;2016-01-09;00:00;45.0;TP;COL-AA-PPS;;0.07;mg/l;Fair
TZA00023;2016-01-09;00:00;45.0;TSS;TSS-G;;8.0;mg/l;Fair
TZA00023;2016-01-09;00:00;45.0;O2-Dis;O2-ISE;;6.0;mg/l;Fair
TZA00023;2016-01-09;12:00;;Cl-Tot;0;;3.37166666666667;mg/l;Fair
TZA00023;2016-01-09;00:00;30.0;SO4-Tot;SO4-TURB;;2.69;mg/l;Fair
TZA00023;2016-01-09;00:00;30.0;TP;COL-AA-PPS;;0.07;mg/l;Fair
TZA00023;2016-01-09;00:00;30.0;TURB;NEPH;;1.0;NTU;Fair
TZA00023;2016-01-09;00:00;30.0;Alk-Tot;0;;48.0;mg/l;Fair
TZA00023;2016-01-09;00:00;30.0;Fe-Tot;CPL-PHEN;;0.09;mg/l;Fair
TZA00023;2016-01-09;00:00;4.5;Alk-Phen;0;;10.0;mg/l;Fair
TZA00023;2016-01-09;00:00;4.5;O2-Dis;O2-ISE;;7.0;mg/l;Fair
TZA00023;2016-01-09;00:00;4.5;pH;pH-POT-insitu;;8.1;---;Fair
TZA00023;2016-01-09;00:00;4.5;TN;COL-AZO-Cd-PS;;0.44;mg/l;Fair
TZA00023;2016-01-09;00:00;54.0;Alk-Tot;0;;48.0;mg/l;Fair
TZA00023;2016-01-09;00:00;54.0;O2-Dis;O2-ISE;;6.0;mg/l;Fair
TZA00023;2016-01-09;00:00;54.0;pH;pH-POT-insitu;;7.34;---;Fair
TZA00023;2016-01-09;00:00;54.0;SO4-Tot;SO4-TURB;;3.5;mg/l;Fair
TZA00023;2016-01-09;00:00;0.5;TEMP;0;;24.6;°C;Fair
TZA00023;2016-01-09;00:00;0.5;Ca-Tot;0;;4.41;mg/l;Fair
TZA00023;2016-01-09;00:00;0.5;Mg-Tot;0;;2.19;mg/l;Fair
TZA00023;2016-01-09;00:00;0.5;NO3N;COL-AZO-Cd;;0.1;mg/l;Fair
TZA00023;2016-01-09;00:00;0.5;TDP;COL-AA-SA-PPS;;0.05;mg/l;Fair
TZA00023;2016-01-09;00:00;15.0;pH;pH-POT-insitu;;8.1;---;Fair
TZA00023;2016-01-09;00:00;15.0;TSS;TSS-G;;4.0;mg/l;Fair
TZA00023;2016-01-09;00:00;15.0;Chl-a;0;;0.004;mg/l;Fair
TZA00023;2016-01-09;00:00;45.0;TDN;COL-AZO-Cd-PS;;0.007;mg/l;Fair
TZA00023;2016-01-09;00:00;45.0;NO2N;COL-AZO;;0.02;mg/l;Fair
TZA00023;2016-01-09;00:00;45.0;TEMP;0;;23.5;°C;Fair
TZA00023;2016-01-09;00:00;45.0;TDP;COL-AA-SA-PPS;;0.06;mg/l;Fair
TZA00023;2016-01-09;00:00;15.0;DIP;COL-AA;;0.04;mg/l;Fair
TZA00023;2016-01-09;00:00;45.0;DIP;COL-AA;;0.06;mg/l;Fair
TZA00023;2016-01-09;12:00;;SiO2-Dis;MZWQL-WI-7_2_024;;4003.33333333333;µg/l;Fair
TZA00023;2016-01-09;00:00;30.0;TN;COL-AZO-Cd-PS;;0.38;mg/l;Fair
TZA00023;2016-01-09;00:00;30.0;TSS;TSS-G;;8.0;mg/l;Fair
TZA00023;2016-01-09;00:00;30.0;pH;pH-POT-insitu;;7.8;---;Fair
TZA00023;2016-01-09;00:00;30.0;H-T;T-COL-EDTA-EBT;;26.0;mg/l;Fair
TZA00023;2016-01-09;00:00;30.0;Mg-Tot;0;;3.4;mg/l;Fair
TZA00023;2016-01-09;00:00;30.0;NH4N;COL-PHE;;0.07;mg/l;Fair
TZA00023;2016-01-09;00:00;30.0;NO3N;COL-AZO-Cd;;0.15;mg/l;Fair
TZA00023;2016-01-09;00:00;4.5;Ca-Tot;0;;3.21;mg/l;Fair
TZA00023;2016-01-09;00:00;4.5;TSS;TSS-G;;4.0;mg/l;Fair
TZA00023;2016-01-09;00:00;4.5;TP;COL-AA-PPS;;0.06;mg/l;Fair
TZA00023;2016-01-09;00:00;54.0;TEMP;0;;23.5;°C;Fair
TZA00023;2016-01-09;00:00;0.5;TDN;COL-AZO-Cd-PS;;0.009;mg/l;Fair
TZA00023;2016-01-09;00:00;0.5;NO2N;COL-AZO;;0.04;mg/l;Fair
TZA00023;2016-01-09;00:00;0.5;TN;COL-AZO-Cd-PS;;0.15;mg/l;Fair
TZA00023;2016-01-09;00:00;0.5;Alk-Phen;0;;4.0;mg/l;Fair
TZA00023;2016-01-09;00:00;15.0;NH4N;COL-PHE;;0.05;mg/l;Fair
TZA00023;2016-01-09;00:00;15.0;Fe-Tot;CPL-PHEN;;0.03;mg/l;Fair
TZA00023;2016-01-09;00:00;15.0;EC;EC-CND-FLD;;99.0;µS/cm;Fair
TZA00023;2016-01-09;00:00;15.0;TEMP;0;;24.5;°C;Fair
TZA00023;2016-01-09;00:00;45.0;SO4-Tot;SO4-TURB;;2.83;mg/l;Fair
TZA00023;2016-01-09;00:00;45.0;TN;COL-AZO-Cd-PS;;0.13;mg/l;Fair
TZA00023;2016-01-09;00:00;45.0;TDS;TDS-G-105;;62.0;mg/l;Fair
TZA00023;2016-01-09;00:00;45.0;TURB;NEPH;;1.6;NTU;Fair
TZA00023;2016-01-09;00:00;45.0;Alk-Tot;0;;50.0;mg/l;Fair
TZA00023;2016-01-09;00:00;45.0;H-T;T-COL-EDTA-EBT;;24.0;mg/l;Fair
TZA00023;2016-01-09;00:00;45.0;Mg-Tot;0;;5.59;mg/l;Fair
TZA00023;2016-01-09;00:00;45.0;SiO2-Rea;COL-HB;;4.0;mg/l;Fair
TZA00024;2016-01-09;00:00;60.0;Alk-Tot;0;;50.0;mg/l;Fair
TZA00024;2016-01-09;00:00;60.0;Fe-Tot;CPL-PHEN;;0.06;mg/l;Fair
TZA00024;2016-01-09;00:00;30.0;NH4N;COL-PHE;;0.03;mg/l;Fair
TZA00024;2016-01-09;00:00;30.0;Alk-Tot;0;;48.0;mg/l;Fair
TZA00024;2016-01-09;00:00;5.0;TSS;TSS-G;;4.0;mg/l;Fair
TZA00024;2016-01-09;00:00;5.0;TURB;NEPH;;1.1;NTU;Fair
TZA00024;2016-01-09;00:00;5.0;H-T;T-COL-EDTA-EBT;;28.0;mg/l;Fair
TZA00024;2016-01-09;00:00;5.0;TDP;COL-AA-SA-PPS;;0.04;mg/l;Fair
TZA00024;2016-01-09;00:00;0.5;TURB;NEPH;;1.6;NTU;Fair
TZA00024;2016-01-09;00:00;0.5;Mg-Tot;0;;2.43;mg/l;Fair
TZA00024;2016-01-09;00:00;15.0;SiO2-Rea;COL-HB;;3.06;mg/l;Fair
TZA00024;2016-01-09;00:00;15.0;NH4N;COL-PHE;;0.05;mg/l;Fair
TZA00024;2016-01-09;00:00;15.0;Fe-Tot;CPL-PHEN;;0.1;mg/l;Fair
TZA00024;2016-01-09;00:00;15.0;Mg-Tot;0;;2.19;mg/l;Fair
TZA00024;2016-01-09;00:00;15.0;H-T;T-COL-EDTA-EBT;;27.0;mg/l;Fair
TZA00024;2016-01-09;00:00;15.0;TSS;TSS-G;;8.0;mg/l;Fair
TZA00024;2016-01-09;00:00;45.0;SO4-Tot;SO4-TURB;;2.65;mg/l;Fair
TZA00024;2016-01-09;00:00;45.0;O2-Dis;O2-ISE;;6.0;mg/l;Fair
TZA00024;2016-01-09;00:00;45.0;Ca-Tot;0;;7.21;mg/l;Fair
TZA00024;2016-01-09;00:00;45.0;Mg-Tot;0;;2.92;mg/l;Fair
TZA00024;2016-01-09;00:00;45.0;SiO2-Rea;COL-HB;;3.82;mg/l;Fair
TZA00024;2016-01-09;00:00;60.0;TP;COL-AA-PPS;;0.1;mg/l;Fair
TZA00024;2016-01-09;00:00;60.0;EC;EC-CND-FLD;;94.0;µS/cm;Fair
TZA00024;2016-01-09;00:00;60.0;TURB;NEPH;;5.8;NTU;Fair
TZA00024;2016-01-09;00:00;60.0;Mg-Tot;0;;1.7;mg/l;Fair
TZA00024;2016-01-09;00:00;30.0;Mg-Tot;0;;2.67;mg/l;Fair
TZA00024;2016-01-09;00:00;30.0;Ca-Tot;0;;6.41;mg/l;Fair
TZA00024;2016-01-09;00:00;30.0;EC;EC-CND-FLD;;96.0;µS/cm;Fair
TZA00024;2016-01-09;00:00;30.0;Chl-a;0;;0.0036;mg/l;Fair
TZA00024;2016-01-09;00:00;5.0;SO4-Tot;SO4-TURB;;2.34;mg/l;Fair
TZA00024;2016-01-09;00:00;5.0;TP;COL-AA-PPS;;0.07;mg/l;Fair
TZA00024;2016-01-09;00:00;5.0;EC;EC-CND-FLD;;96.0;µS/cm;Fair
TZA00024;2016-01-09;00:00;5.0;TDS;TDS-G-105;;66.88;mg/l;Fair
TZA00024;2016-01-09;00:00;5.0;Alk-Tot;0;;48.0;mg/l;Fair
TZA00024;2016-01-09;00:00;5.0;NH4N;COL-PHE;;0.03;mg/l;Fair
TZA00024;2016-01-09;00:00;5.0;NO3N;COL-AZO-Cd;;0.34;mg/l;Fair
TZA00024;2016-01-09;00:00;5.0;SiO2-Rea;COL-HB;;4.0;mg/l;Fair
TZA00024;2016-01-09;00:00;0.5;pH;pH-POT-insitu;;7.59;---;Fair
TZA00024;2016-01-09;00:00;0.5;Alk-Tot;0;;50.0;mg/l;Fair
TZA00024;2016-01-09;00:00;0.5;TDP;COL-AA-SA-PPS;;0.04;mg/l;Fair
TZA00024;2016-01-09;00:00;0.5;TDN;COL-AZO-Cd-PS;;0.041;mg/l;Fair
TZA00024;2016-01-09;00:00;15.0;TDN;COL-AZO-Cd-PS;;0.003;mg/l;Fair
TZA00024;2016-01-09;00:00;15.0;TDP;COL-AA-SA-PPS;;0.05;mg/l;Fair
TZA00024;2016-01-09;00:00;15.0;NO2N;COL-AZO;;4.0;mg/l;Fair
TZA00024;2016-01-09;00:00;15.0;NO3N;COL-AZO-Cd;;0.07;mg/l;Fair
TZA00024;2016-01-09;00:00;15.0;Ca-Tot;0;;7.21;mg/l;Fair
TZA00024;2016-01-09;00:00;15.0;Alk-Tot;0;;50.0;mg/l;Fair
TZA00024;2016-01-09;00:00;15.0;TEMP;0;;24.4;°C;Fair
TZA00024;2016-01-09;00:00;45.0;pH;pH-POT-insitu;;7.42;---;Fair
TZA00024;2016-01-09;00:00;45.0;Fe-Tot;CPL-PHEN;;0.01;mg/l;Fair
TZA00024;2016-01-09;00:00;5.0;DIP;COL-AA;;0.04;mg/l;Fair
TZA00024;2016-01-09;00:00;45.0;DIP;COL-AA;;0.02;mg/l;Fair
TZA00024;2016-01-09;00:00;60.0;SO4-Tot;SO4-TURB;;3.01;mg/l;Fair
TZA00024;2016-01-09;00:00;60.0;TN;COL-AZO-Cd-PS;;0.88;mg/l;Fair
TZA00024;2016-01-09;00:00;60.0;O2-Dis;O2-ISE;;6.0;mg/l;Fair
TZA00024;2016-01-09;00:00;60.0;H-T;T-COL-EDTA-EBT;;27.0;mg/l;Fair
TZA00024;2016-01-09;00:00;60.0;SiO2-Rea;COL-HB;;4.6;mg/l;Fair
TZA00024;2016-01-09;00:00;60.0;NO2N;COL-AZO;;10.0;mg/l;Fair
TZA00024;2016-01-09;00:00;60.0;TDP;COL-AA-SA-PPS;;0.07;mg/l;Fair
TZA00024;2016-01-09;00:00;30.0;TDP;COL-AA-SA-PPS;;0.05;mg/l;Fair
TZA00024;2016-01-09;00:00;30.0;SiO2-Rea;COL-HB;;3.21;mg/l;Fair
TZA00024;2016-01-09;00:00;30.0;TDS;TDS-G-105;;62.0;mg/l;Fair
TZA00024;2016-01-09;00:00;30.0;TURB;NEPH;;1.0;NTU;Fair
TZA00024;2016-01-09;00:00;30.0;TP;COL-AA-PPS;;0.06;mg/l;Fair
TZA00024;2016-01-09;00:00;30.0;SO4-Tot;SO4-TURB;;2.34;mg/l;Fair
TZA00024;2016-01-09;00:00;5.0;Chl-a;0;;0.0022;mg/l;Fair
TZA00024;2016-01-09;00:00;5.0;TN;COL-AZO-Cd-PS;;0.35;mg/l;Fair
TZA00024;2016-01-09;00:00;5.0;Ca-Tot;0;;5.61;mg/l;Fair
TZA00024;2016-01-09;00:00;5.0;Mg-Tot;0;;3.4;mg/l;Fair
TZA00024;2016-01-09;00:00;5.0;NO2N;COL-AZO;;4.0;mg/l;Fair
TZA00024;2016-01-09;00:00;5.0;TDN;COL-AZO-Cd-PS;;0.028;mg/l;Fair
TZA00024;2016-01-09;00:00;0.5;SO4-Tot;SO4-TURB;;4.12;mg/l;Fair
TZA00024;2016-01-09;00:00;0.5;TP;COL-AA-PPS;;0.07;mg/l;Fair
TZA00024;2016-01-09;00:00;0.5;TEMP;0;;24.2;°C;Fair
TZA00024;2016-01-09;00:00;0.5;O2-Dis;O2-ISE;;7.0;mg/l;Fair
TZA00024;2016-01-09;00:00;0.5;Alk-Phen;0;;4.0;mg/l;Fair
TZA00024;2016-01-09;00:00;0.5;NH4N;COL-PHE;;0.04;mg/l;Fair
TZA00024;2016-01-09;00:00;0.5;NO3N;COL-AZO-Cd;;0.4;mg/l;Fair
TZA00024;2016-01-09;00:00;15.0;pH;pH-POT-insitu;;7.92;---;Fair
TZA00024;2016-01-09;00:00;15.0;TN;COL-AZO-Cd-PS;;0.1;mg/l;Fair
TZA00024;2016-01-09;00:00;15.0;SO4-Tot;SO4-TURB;;2.83;mg/l;Fair
TZA00024;2016-01-09;00:00;45.0;TP;COL-AA-PPS;;0.06;mg/l;Fair
TZA00024;2016-01-09;00:00;45.0;TSS;TSS-G;;4.0;mg/l;Fair
TZA00024;2016-01-09;00:00;45.0;TURB;NEPH;;0.9;NTU;Fair
TZA00024;2016-01-09;00:00;45.0;H-T;T-COL-EDTA-EBT;;30.0;mg/l;Fair
TZA00024;2016-01-09;00:00;45.0;NH4N;COL-PHE;;0.04;mg/l;Fair
TZA00024;2016-01-09;00:00;60.0;Chl-a;0;;0.0015;mg/l;Fair
TZA00024;2016-01-09;00:00;60.0;TEMP;0;;23.8;°C;Fair
TZA00024;2016-01-09;00:00;60.0;pH;pH-POT-insitu;;6.68;---;Fair
TZA00024;2016-01-09;00:00;60.0;TDS;TDS-G-105;;60.0;mg/l;Fair
TZA00024;2016-01-09;00:00;60.0;Ca-Tot;0;;8.02;mg/l;Fair
TZA00024;2016-01-09;00:00;60.0;NH4N;COL-PHE;;0.06;mg/l;Fair
TZA00024;2016-01-09;00:00;60.0;NO3N;COL-AZO-Cd;;0.84;mg/l;Fair
TZA00024;2016-01-09;00:00;60.0;TDN;COL-AZO-Cd-PS;;0.082;mg/l;Fair
TZA00024;2016-01-09;00:00;30.0;TDN;COL-AZO-Cd-PS;;0.01;mg/l;Fair
TZA00024;2016-01-09;00:00;30.0;NO2N;COL-AZO;;4.0;mg/l;Fair
TZA00024;2016-01-09;00:00;30.0;Fe-Tot;CPL-PHEN;;0.14;mg/l;Fair
TZA00024;2016-01-09;00:00;30.0;H-T;T-COL-EDTA-EBT;;27.0;mg/l;Fair
TZA00024;2016-01-09;00:00;30.0;pH;pH-POT-insitu;;7.79;---;Fair
TZA00024;2016-01-09;00:00;30.0;O2-Dis;O2-ISE;;7.0;mg/l;Fair
TZA00024;2016-01-09;00:00;5.0;pH;pH-POT-insitu;;7.7;---;Fair
TZA00024;2016-01-09;00:00;5.0;Fe-Tot;CPL-PHEN;;0.11;mg/l;Fair
TZA00024;2016-01-09;00:00;0.5;Chl-a;0;;0.0018;mg/l;Fair
TZA00024;2016-01-09;00:00;0.5;TN;COL-AZO-Cd-PS;;0.47;mg/l;Fair
TZA00024;2016-01-09;00:00;0.5;TDS;TDS-G-105;;68.0;mg/l;Fair
TZA00024;2016-01-09;00:00;0.5;Fe-Tot;CPL-PHEN;;0.13;mg/l;Fair
TZA00024;2016-01-09;00:00;0.5;SiO2-Rea;COL-HB;;3.23;mg/l;Fair
TZA00024;2016-01-09;00:00;15.0;TDS;TDS-G-105;;61.0;mg/l;Fair
TZA00024;2016-01-09;00:00;15.0;O2-Dis;O2-ISE;;7.0;mg/l;Fair
TZA00024;2016-01-09;00:00;15.0;TP;COL-AA-PPS;;0.07;mg/l;Fair
TZA00024;2016-01-09;00:00;15.0;Chl-a;0;;0.0033;mg/l;Fair
TZA00024;2016-01-09;00:00;45.0;TN;COL-AZO-Cd-PS;;0.36;mg/l;Fair
TZA00024;2016-01-09;00:00;45.0;EC;EC-CND-FLD;;95.0;µS/cm;Fair
TZA00024;2016-01-09;00:00;45.0;TDS;TDS-G-105;;61.0;mg/l;Fair
TZA00024;2016-01-09;00:00;45.0;TDP;COL-AA-SA-PPS;;0.05;mg/l;Fair
TZA00024;2016-01-09;00:00;45.0;TDN;COL-AZO-Cd-PS;;0.029;mg/l;Fair
TZA00024;2016-01-09;00:00;60.0;DIP;COL-AA;;0.02;mg/l;Fair
TZA00024;2016-01-09;00:00;60.0;TSS;TSS-G;;4.0;mg/l;Fair
TZA00024;2016-01-09;00:00;30.0;NO3N;COL-AZO-Cd;;0.12;mg/l;Fair
TZA00024;2016-01-09;00:00;30.0;TSS;TSS-G;;8.0;mg/l;Fair
TZA00024;2016-01-09;00:00;30.0;TEMP;0;;24.1;°C;Fair
TZA00024;2016-01-09;00:00;30.0;TN;COL-AZO-Cd-PS;;0.17;mg/l;Fair
TZA00024;2016-01-09;00:00;5.0;TEMP;0;;24.5;°C;Fair
TZA00024;2016-01-09;00:00;5.0;O2-Dis;O2-ISE;;7.0;mg/l;Fair
TZA00024;2016-01-09;00:00;0.5;EC;EC-CND-FLD;;104.0;µS/cm;Fair
TZA00024;2016-01-09;00:00;0.5;TSS;TSS-G;;12.0;mg/l;Fair
TZA00024;2016-01-09;00:00;0.5;H-T;T-COL-EDTA-EBT;;26.0;mg/l;Fair
TZA00024;2016-01-09;00:00;0.5;Ca-Tot;0;;6.41;mg/l;Fair
TZA00024;2016-01-09;00:00;0.5;NO2N;COL-AZO;;4.0;mg/l;Fair
TZA00024;2016-01-09;00:00;15.0;TURB;NEPH;;1.1;NTU;Fair
TZA00024;2016-01-09;00:00;15.0;EC;EC-CND-FLD;;97.0;µS/cm;Fair
TZA00024;2016-01-09;00:00;45.0;Chl-a;0;;0.0011;mg/l;Fair
TZA00024;2016-01-09;00:00;45.0;TEMP;0;;24.0;°C;Fair
TZA00024;2016-01-09;00:00;45.0;Alk-Tot;0;;46.0;mg/l;Fair
TZA00024;2016-01-09;00:00;45.0;NO3N;COL-AZO-Cd;;0.35;mg/l;Fair
TZA00024;2016-01-09;00:00;45.0;NO2N;COL-AZO;;4.0;mg/l;Fair
TZA00024;2016-01-09;00:00;30.0;DIP;COL-AA;;0.02;mg/l;Fair
TZA00024;2016-01-09;00:00;0.5;DIP;COL-AA;;0.04;mg/l;Fair
TZA00024;2016-01-09;00:00;15.0;DIP;COL-AA;;0.04;mg/l;Fair
TZA00025;2016-01-09;12:00;;NO3N;MZWQL-WI-7_2_013;;286.8;µg/l;Fair
TZA00025;2016-01-09;12:00;;O2-Dis;MZWQL-WI-7_2_036;;5.83;mg/l;Fair
TZA00025;2016-01-09;12:00;;Cl-Tot;0;;4.42;mg/l;Fair
TZA00025;2016-01-09;12:00;;SiO2-Dis;MZWQL-WI-7_2_024;;3733.33333333333;µg/l;Fair
TZA00025;2016-01-09;12:00;;NH4N;MZWQL-WI-7_2_006;;58.3333333333333;µg/l;Fair
TZA00025;2016-01-09;12:00;;TDS;MZWQL-WI-7_2_004;;60.0;mg/l;Fair
TZA00025;2016-01-09;12:00;;TEMP;TEMP-CND;;24.3833333333333;°C;Fair
TZA00025;2016-01-09;12:00;;EC;MZWQL-WI-7_2_009;;93.1666666666667;µS/cm;Fair
TZA00025;2016-01-09;12:00;;Chl-a;MZWQL-WI-7_2_030;;2.59;µg/l;Fair
TZA00025;2016-01-09;12:00;;H-T;MZWQL-WI-7_2_010;;27.1666666666667;mg/l;Fair
TZA00025;2016-01-09;12:00;;Alk-Tot;0;;54.3333333333333;mg/l;Fair
TZA00025;2016-01-09;12:00;;NO2N;MZWQL-WI-7_2_016;;15.0;µg/l;Fair
TZA00025;2016-01-09;12:00;;pH;MZWQL-WI-7_8_002;;7.48;---;Fair
TZA00025;2016-01-09;12:00;;TURB;MZWQL-WI-7_2_007;;1.16666666666667;NTU;Fair
TZA00025;2016-01-09;12:00;;DRP;MZWQL-WI-7_2_014;;35.0;µg/l;Fair
TZA00026;2016-09-01;12:00;;DRP;MZWQL-WI-7_2_014;;34.0;µg/l;Fair
TZA00026;2016-09-01;12:00;;Alk-Tot;0;;51.2;mg/l;Fair
TZA00026;2016-09-01;12:00;;pH;MZWQL-WI-7_8_002;;7.754;---;Fair
TZA00026;2016-09-01;12:00;;H-T;MZWQL-WI-7_2_010;;25.2;mg/l;Fair
TZA00026;2016-09-01;12:00;;Cl-Tot;0;;3.468;mg/l;Fair
TZA00026;2016-09-01;12:00;;NO3N;MZWQL-WI-7_2_013;;298.58;µg/l;Fair
TZA00026;2016-01-09;00:00;27.0;Fe-Tot;CPL-PHEN;;0.19;mg/l;Fair
TZA00026;2016-01-09;00:00;27.0;Alk-Tot;0;;56.0;mg/l;Fair
TZA00026;2016-01-09;00:00;10.0;TDP;COL-AA-SA-PPS;;0.026;mg/l;Fair
TZA00026;2016-01-09;00:00;10.0;TDS;TDS-G-105;;62.0;mg/l;Fair
TZA00026;2016-01-09;00:00;10.0;TEMP;0;;24.6;°C;Fair
TZA00026;2016-01-09;00:00;10.0;TN;COL-AZO-Cd-PS;;0.28;mg/l;Fair
TZA00026;2016-01-09;00:00;10.0;Chl-a;0;;0.008;mg/l;Fair
TZA00026;2016-01-09;00:00;10.0;Alk-Phen;0;;6.0;mg/l;Fair
TZA00026;2016-01-09;00:00;10.0;Mg-Tot;0;;4.62;mg/l;Fair
TZA00026;2016-01-09;00:00;0.5;NO3N;COL-AZO-Cd;;0.35;mg/l;Fair
TZA00026;2016-01-09;00:00;0.5;pH;pH-POT-insitu;;8.01;---;Fair
TZA00026;2016-01-09;00:00;3.0;Mg-Tot;0;;3.65;mg/l;Fair
TZA00026;2016-01-09;00:00;3.0;TP;COL-AA-PPS;;0.06;mg/l;Fair
TZA00026;2016-01-09;00:00;3.0;EC;EC-CND-FLD;;94.0;µS/cm;Fair
TZA00026;2016-01-09;00:00;20.0;pH;pH-POT-insitu;;7.66;---;Fair
TZA00026;2016-01-09;00:00;20.0;EC;EC-CND-FLD;;93.0;µS/cm;Fair
TZA00026;2016-01-09;00:00;20.0;Mg-Tot;0;;4.6;mg/l;Fair
TZA00026;2016-01-09;00:00;27.0;TDN;COL-AZO-Cd-PS;;0.056;mg/l;Fair
TZA00026;2016-01-09;00:00;27.0;SiO2-Rea;COL-HB;;4.78;mg/l;Fair
TZA00026;2016-01-09;00:00;27.0;SO4-Tot;SO4-TURB;;2.87;mg/l;Fair
TZA00026;2016-01-09;00:00;27.0;TP;COL-AA-PPS;;0.05;mg/l;Fair
TZA00026;2016-01-09;00:00;27.0;TN;COL-AZO-Cd-PS;;0.56;mg/l;Fair
TZA00026;2016-01-09;00:00;27.0;EC;EC-CND-FLD;;93.0;µS/cm;Fair
TZA00026;2016-01-09;00:00;10.0;TURB;NEPH;;1.4;NTU;Fair
TZA00026;2016-01-09;00:00;10.0;TP;COL-AA-PPS;;0.08;mg/l;Fair
TZA00026;2016-01-09;00:00;10.0;H-T;T-COL-EDTA-EBT;;29.0;mg/l;Fair
TZA00026;2016-01-09;00:00;10.0;Ca-Tot;0;;4.01;mg/l;Fair
TZA00026;2016-01-09;00:00;10.0;NH4N;COL-PHE;;0.19;mg/l;Fair
TZA00026;2016-01-09;00:00;0.5;TDN;COL-AZO-Cd-PS;;0.008;mg/l;Fair
TZA00026;2016-01-09;00:00;0.5;SO4-Tot;SO4-TURB;;2.74;mg/l;Fair
TZA00026;2016-01-09;00:00;0.5;EC;EC-CND-FLD;;99.0;µS/cm;Fair
TZA00026;2016-01-09;00:00;3.0;TDN;COL-AZO-Cd-PS;;0.019;mg/l;Fair
TZA00026;2016-01-09;00:00;3.0;SiO2-Rea;COL-HB;;4.12;mg/l;Fair
TZA00026;2016-01-09;00:00;3.0;Fe-Tot;CPL-PHEN;;0.16;mg/l;Fair
TZA00026;2016-01-09;00:00;3.0;Ca-Tot;0;;4.81;mg/l;Fair
TZA00026;2016-01-09;00:00;3.0;TN;COL-AZO-Cd-PS;;0.25;mg/l;Fair
TZA00026;2016-01-09;00:00;3.0;pH;pH-POT-insitu;;7.97;---;Fair
TZA00026;2016-01-09;00:00;3.0;O2-Dis;O2-ISE;;7.0;mg/l;Fair
TZA00026;2016-01-09;00:00;3.0;TDP;COL-AA-SA-PPS;;0.019;mg/l;Fair
TZA00026;2016-01-09;00:00;20.0;TN;COL-AZO-Cd-PS;;0.16;mg/l;Fair
TZA00026;2016-01-09;00:00;20.0;H-T;T-COL-EDTA-EBT;;26.0;mg/l;Fair
TZA00026;2016-01-09;00:00;20.0;Fe-Tot;CPL-PHEN;;0.19;mg/l;Fair
TZA00026;2016-01-09;00:00;20.0;NH4N;COL-PHE;;0.03;mg/l;Fair
TZA00026;2016-01-09;00:00;20.0;SiO2-Rea;COL-HB;;4.23;mg/l;Fair
TZA00026;2016-01-09;00:00;20.0;TDN;COL-AZO-Cd-PS;;0.011;mg/l;Fair
TZA00026;2016-01-09;00:00;27.0;DIP;COL-AA;;0.04;mg/l;Fair
TZA00026;2016-09-01;12:00;;EC;MZWQL-WI-7_2_009;;95.0;µS/cm;Fair
TZA00026;2016-01-09;00:00;20.0;DIP;COL-AA;;0.04;mg/l;Fair
TZA00026;2016-09-01;12:00;;NH4N;MZWQL-WI-7_2_006;;88.0;µg/l;Fair
TZA00026;2016-09-01;12:00;;TDS;MZWQL-WI-7_2_004;;61.6;mg/l;Fair
TZA00026;2016-01-09;00:00;27.0;NO3N;COL-AZO-Cd;;0.53;mg/l;Fair
TZA00026;2016-01-09;00:00;27.0;NH4N;COL-PHE;;0.14;mg/l;Fair
TZA00026;2016-01-09;00:00;27.0;Ca-Tot;0;;2.0;mg/l;Fair
TZA00026;2016-01-09;00:00;27.0;TSS;TSS-G;;8.0;mg/l;Fair
TZA00026;2016-01-09;00:00;10.0;TSS;TSS-G;;12.0;mg/l;Fair
TZA00026;2016-01-09;00:00;10.0;O2-Dis;O2-ISE;;6.0;mg/l;Fair
TZA00026;2016-01-09;00:00;10.0;NO3N;COL-AZO-Cd;;0.26;mg/l;Fair
TZA00026;2016-01-09;00:00;10.0;TDN;COL-AZO-Cd-PS;;0.026;mg/l;Fair
TZA00026;2016-01-09;00:00;0.5;SiO2-Rea;COL-HB;;3.33;mg/l;Fair
TZA00026;2016-01-09;00:00;0.5;NH4N;COL-PHE;;0.03;mg/l;Fair
TZA00026;2016-01-09;00:00;0.5;Ca-Tot;0;;2.4;mg/l;Fair
TZA00026;2016-01-09;00:00;0.5;H-T;T-COL-EDTA-EBT;;20.0;mg/l;Fair
TZA00026;2016-01-09;00:00;0.5;Alk-Phen;0;;6.0;mg/l;Fair
TZA00026;2016-01-09;00:00;0.5;Chl-a;0;;0.0091;mg/l;Fair
TZA00026;2016-01-09;00:00;0.5;TEMP;0;;24.5;°C;Fair
TZA00026;2016-01-09;00:00;0.5;TURB;NEPH;;1.7;NTU;Fair
TZA00026;2016-01-09;00:00;0.5;TDP;COL-AA-SA-PPS;;0.008;mg/l;Fair
TZA00026;2016-01-09;00:00;3.0;NO3N;COL-AZO-Cd;;0.2;mg/l;Fair
TZA00026;2016-01-09;00:00;3.0;H-T;T-COL-EDTA-EBT;;27.0;mg/l;Fair
TZA00026;2016-01-09;00:00;3.0;TURB;NEPH;;0.9;NTU;Fair
TZA00026;2016-01-09;00:00;20.0;TDP;COL-AA-SA-PPS;;0.011;mg/l;Fair
TZA00026;2016-01-09;00:00;20.0;TDS;TDS-G-105;;59.0;mg/l;Fair
TZA00026;2016-01-09;00:00;20.0;O2-Dis;O2-ISE;;6.77;mg/l;Fair
TZA00026;2016-01-09;00:00;20.0;TEMP;0;;24.1;°C;Fair
TZA00026;2016-01-09;00:00;20.0;Ca-Tot;0;;2.81;mg/l;Fair
TZA00026;2016-09-01;12:00;;SiO2-Dis;MZWQL-WI-7_2_024;;4068.0;µg/l;Fair
TZA00026;2016-09-01;12:00;;TEMP;TEMP-CND;;24.36;°C;Fair
TZA00026;2016-01-09;00:00;27.0;Mg-Tot;0;;4.62;mg/l;Fair
TZA00026;2016-01-09;00:00;27.0;H-T;T-COL-EDTA-EBT;;24.0;mg/l;Fair
TZA00026;2016-01-09;00:00;27.0;Chl-a;0;;0.0022;mg/l;Fair
TZA00026;2016-01-09;00:00;27.0;O2-Dis;O2-ISE;;5.6;mg/l;Fair
TZA00026;2016-01-09;00:00;10.0;NO2N;COL-AZO;;0.01;mg/l;Fair
TZA00026;2016-01-09;00:00;10.0;Alk-Tot;0;;52.0;mg/l;Fair
TZA00026;2016-01-09;00:00;0.5;Fe-Tot;CPL-PHEN;;0.09;mg/l;Fair
TZA00026;2016-01-09;00:00;0.5;Mg-Tot;0;;3.4;mg/l;Fair
TZA00026;2016-01-09;00:00;0.5;Alk-Tot;0;;52.0;mg/l;Fair
TZA00026;2016-01-09;00:00;0.5;TP;COL-AA-PPS;;0.07;mg/l;Fair
TZA00026;2016-01-09;00:00;0.5;TN;COL-AZO-Cd-PS;;0.38;mg/l;Fair
TZA00026;2016-01-09;00:00;0.5;O2-Dis;O2-ISE;;7.0;mg/l;Fair
TZA00026;2016-01-09;00:00;0.5;TDS;TDS-G-105;;65.0;mg/l;Fair
TZA00026;2016-01-09;00:00;3.0;NH4N;COL-PHE;;0.05;mg/l;Fair
TZA00026;2016-01-09;00:00;3.0;Alk-Tot;0;;48.0;mg/l;Fair
TZA00026;2016-01-09;00:00;3.0;Alk-Phen;0;;4.0;mg/l;Fair
TZA00026;2016-01-09;00:00;3.0;Chl-a;0;;0.0087;mg/l;Fair
TZA00026;2016-01-09;00:00;3.0;TSS;TSS-G;;4.0;mg/l;Fair
TZA00026;2016-01-09;00:00;20.0;TURB;NEPH;;1.2;NTU;Fair
TZA00026;2016-01-09;00:00;20.0;TSS;TSS-G;;4.0;mg/l;Fair
TZA00026;2016-01-09;00:00;20.0;SO4-Tot;SO4-TURB;;2.83;mg/l;Fair
TZA00026;2016-01-09;00:00;20.0;Alk-Tot;0;;48.0;mg/l;Fair
TZA00026;2016-01-09;00:00;10.0;DIP;COL-AA;;0.03;mg/l;Fair
TZA00026;2016-01-09;00:00;0.5;DIP;COL-AA;;0.03;mg/l;Fair
TZA00026;2016-01-09;00:00;3.0;DIP;COL-AA;;0.03;mg/l;Fair
TZA00026;2016-09-01;12:00;;Chl-a;MZWQL-WI-7_2_030;;5.964;µg/l;Fair
TZA00026;2016-09-01;12:00;;NO2N;MZWQL-WI-7_2_016;;10.0;µg/l;Fair
TZA00026;2016-09-01;12:00;;TURB;MZWQL-WI-7_2_007;;1.324;NTU;Fair
TZA00026;2016-09-01;12:00;;O2-Dis;MZWQL-WI-7_2_036;;6.514;mg/l;Fair
TZA00026;2016-01-09;00:00;27.0;TEMP;0;;24.0;°C;Fair
TZA00026;2016-01-09;00:00;27.0;pH;pH-POT-insitu;;7.25;---;Fair
TZA00026;2016-01-09;00:00;27.0;TURB;NEPH;;1.4;NTU;Fair
TZA00026;2016-01-09;00:00;27.0;TDS;TDS-G-105;;61.0;mg/l;Fair
TZA00026;2016-01-09;00:00;27.0;TDP;COL-AA-SA-PPS;;0.056;mg/l;Fair
TZA00026;2016-01-09;00:00;10.0;pH;pH-POT-insitu;;7.88;---;Fair
TZA00026;2016-01-09;00:00;10.0;EC;EC-CND-FLD;;96.0;µS/cm;Fair
TZA00026;2016-01-09;00:00;10.0;SO4-Tot;SO4-TURB;;3.9;mg/l;Fair
TZA00026;2016-01-09;00:00;10.0;Fe-Tot;CPL-PHEN;;0.19;mg/l;Fair
TZA00026;2016-01-09;00:00;10.0;SiO2-Rea;COL-HB;;3.88;mg/l;Fair
TZA00026;2016-01-09;00:00;0.5;TSS;TSS-G;;4.0;mg/l;Fair
TZA00026;2016-01-09;00:00;3.0;SO4-Tot;SO4-TURB;;2.9;mg/l;Fair
TZA00026;2016-01-09;00:00;3.0;TEMP;0;;24.6;°C;Fair
TZA00026;2016-01-09;00:00;3.0;TDS;TDS-G-105;;61.0;mg/l;Fair
TZA00026;2016-01-09;00:00;3.0;NO2N;COL-AZO;;0.01;mg/l;Fair
TZA00026;2016-01-09;00:00;20.0;TP;COL-AA-PPS;;0.06;mg/l;Fair
TZA00026;2016-01-09;00:00;20.0;Chl-a;0;;0.0018;mg/l;Fair
TZA00026;2016-01-09;00:00;20.0;NO3N;COL-AZO-Cd;;0.16;mg/l;Fair
TZA00027;2016-01-10;12:00;;SiO2-Dis;MZWQL-WI-7_2_024;;3997.5;µg/l;Fair
TZA00027;2016-01-10;12:00;;O2-Dis;MZWQL-WI-7_2_036;;5.46;mg/l;Fair
TZA00027;2016-01-10;12:00;;TURB;MZWQL-WI-7_2_007;;5.375;NTU;Fair
TZA00027;2016-01-10;12:00;;Cl-Tot;0;;3.98;mg/l;Fair
TZA00027;2016-01-10;12:00;;NO3N;MZWQL-WI-7_2_013;;296.1;µg/l;Fair
TZA00027;2016-01-10;12:00;;NO2N;MZWQL-WI-7_2_016;;67.5;µg/l;Fair
TZA00027;2016-01-10;12:00;;TEMP;TEMP-CND;;24.45;°C;Fair
TZA00027;2016-01-10;12:00;;Alk-Tot;0;;51.5;mg/l;Fair
TZA00027;2016-01-10;12:00;;NH4N;MZWQL-WI-7_2_006;;170.0;µg/l;Fair
TZA00027;2016-01-10;12:00;;H-T;MZWQL-WI-7_2_010;;36.0;mg/l;Fair
TZA00027;2016-01-10;12:00;;DRP;MZWQL-WI-7_2_014;;25.0;µg/l;Fair
TZA00027;2016-01-10;12:00;;TDS;MZWQL-WI-7_2_004;;49.251;mg/l;Fair
TZA00027;2016-01-10;12:00;;EC;MZWQL-WI-7_2_009;;99.5;µS/cm;Fair
TZA00027;2016-01-10;12:00;;pH;MZWQL-WI-7_8_002;;8.085;---;Fair
TZA00027;2016-01-10;12:00;;Chl-a;MZWQL-WI-7_2_030;;18.625;µg/l;Fair
TZA00028;2016-11-01;12:00;;EC;MZWQL-WI-7_2_009;;100.571428571429;µS/cm;Fair
TZA00028;2016-11-01;12:00;;Alk-Tot;0;;45.1428571428571;mg/l;Fair
TZA00028;2016-11-01;12:00;;TEMP;TEMP-CND;;24.2428571428571;°C;Fair
TZA00028;2016-11-01;12:00;;pH;MZWQL-WI-7_8_002;;8.0;---;Fair
TZA00028;2016-11-01;12:00;;TDS;MZWQL-WI-7_2_004;;61.0;mg/l;Fair
TZA00028;2016-11-01;12:00;;Cl-Tot;0;;4.27;mg/l;Fair
TZA00028;2016-11-01;12:00;;O2-Dis;MZWQL-WI-7_2_036;;5.47428571428571;mg/l;Fair
TZA00028;2016-11-01;12:00;;NO2N;MZWQL-WI-7_2_016;;2.104;µg/l;Fair
TZA00028;2016-11-01;12:00;;TURB;MZWQL-WI-7_2_007;;1.84428571428571;NTU;Fair
TZA00028;2016-11-01;12:00;;NH4N;MZWQL-WI-7_2_006;;36.542;µg/l;Fair
TZA00028;2016-11-01;12:00;;SiO2-Dis;MZWQL-WI-7_2_024;;0.00335285714285714;µg/l;Fair
TZA00028;2016-11-01;12:00;;Chl-a;MZWQL-WI-7_2_030;;3.37285714285714;µg/l;Fair
TZA00028;2016-11-01;12:00;;H-T;MZWQL-WI-7_2_010;;32.4285714285714;mg/l;Fair
TZA00028;2016-11-01;12:00;;NO3N;MZWQL-WI-7_2_013;;139.0;µg/l;Fair
TZA00028;2016-11-01;12:00;;DRP;MZWQL-WI-7_2_014;;37.0;µg/l;Fair
TZA00030;2016-01-12;12:00;;EC;MZWQL-WI-7_2_009;;107.333333333333;µS/cm;Fair
TZA00030;2016-01-12;12:00;;NO2N;MZWQL-WI-7_2_016;;1.042;µg/l;Fair
TZA00030;2016-01-12;12:00;;DRP;MZWQL-WI-7_2_014;;0.0416666666666667;µg/l;Fair
TZA00030;2016-01-12;12:00;;SiO2-Dis;MZWQL-WI-7_2_024;;0.00322333333333333;µg/l;Fair
TZA00030;2016-01-12;12:00;;H-T;MZWQL-WI-7_2_010;;28.0;mg/l;Fair
TZA00030;2016-01-12;12:00;;TEMP;TEMP-CND;;24.6666666666667;°C;Fair
TZA00030;2016-01-12;12:00;;pH;MZWQL-WI-7_8_002;;7.86333333333333;---;Fair
TZA00030;2016-01-12;12:00;;O2-Dis;MZWQL-WI-7_2_036;;5.10333333333333;mg/l;Fair
TZA00030;2016-01-12;12:00;;Alk-Tot;0;;54.0;mg/l;Fair
TZA00030;2016-01-12;12:00;;NO3N;MZWQL-WI-7_2_013;;132.11915;µg/l;Fair
TZA00030;2016-01-12;12:00;;TDS;MZWQL-WI-7_2_004;;48.299;mg/l;Fair
TZA00030;2016-01-12;12:00;;TURB;MZWQL-WI-7_2_007;;0.9975;NTU;Fair
TZA00030;2016-01-12;12:00;;Cl-Tot;0;;4.25833333333333;mg/l;Fair
TZA00030;2016-01-12;12:00;;Chl-a;MZWQL-WI-7_2_030;;2.695;µg/l;Fair
TZA00030;2016-01-12;12:00;;NH4N;MZWQL-WI-7_2_006;;48.0216666666666;µg/l;Fair
TZA00031;2016-01-08;12:00;;SiO2-Dis;MZWQL-WI-7_2_024;;2044.0;µg/l;Fair
TZA00031;2016-01-08;12:00;;NO2N;MZWQL-WI-7_2_016;;0.0472;µg/l;Fair
TZA00031;2016-01-08;12:00;;TEMP;TEMP-CND;;24.4337242418491;°C;Fair
TZA00031;2016-01-08;12:00;;Chl-a;MZWQL-WI-7_2_030;;1.2936;µg/l;Fair
TZA00031;2016-01-08;12:00;;TURB;MZWQL-WI-7_2_007;;1.67;NTU;Fair
TZA00031;2016-01-08;12:00;;EC;MZWQL-WI-7_2_009;;113.225370398373;µS/cm;Fair
TZA00031;2016-01-08;12:00;;DRP;MZWQL-WI-7_2_014;;0.05704;µg/l;Fair
TZA00031;2016-01-08;12:00;;NH4N;MZWQL-WI-7_2_006;;1.22925900234092;µg/l;Fair
TZA00031;2016-01-08;12:00;;H-T;MZWQL-WI-7_2_010;;33.634126984127;mg/l;Fair
TZA00031;2016-01-08;12:00;;Alk-Tot;0;;45.0253968253968;mg/l;Fair
TZA00031;2016-01-08;12:00;;TDS;MZWQL-WI-7_2_004;;50.9514166792679;mg/l;Fair
TZA00031;2016-01-08;12:00;;pH;MZWQL-WI-7_8_002;;7.94413281499716;---;Fair
TZA00031;2016-01-08;12:00;;NO3N;MZWQL-WI-7_2_013;;0.0251650793650794;µg/l;Fair
TZA00031;2016-01-08;12:00;;Cl-Tot;0;;2.98;mg/l;Fair
TZA00031;2016-01-08;12:00;;O2-Dis;MZWQL-WI-7_2_036;;4.8141511539448;mg/l;Fair
TZA00035;2016-01-08;12:00;;NH4N;MZWQL-WI-7_2_006;;44.0;µg/l;Fair
TZA00035;2016-01-08;12:00;;TDS;MZWQL-WI-7_2_004;;65.8;mg/l;Fair
TZA00035;2016-01-08;12:00;;EC;MZWQL-WI-7_2_009;;102.4;µS/cm;Fair
TZA00035;2016-01-08;12:00;;Cl-Tot;0;;3.374;mg/l;Fair
TZA00035;2016-01-08;12:00;;NO3N;MZWQL-WI-7_2_013;;1.02644;µg/l;Fair
TZA00035;2016-01-08;12:00;;pH;MZWQL-WI-7_8_002;;7.262;---;Fair
TZA00035;2016-01-08;12:00;;DRP;MZWQL-WI-7_2_014;;58.0;µg/l;Fair
TZA00035;2016-01-08;12:00;;H-T;MZWQL-WI-7_2_010;;29.2;mg/l;Fair
TZA00035;2016-01-08;12:00;;Chl-a;MZWQL-WI-7_2_030;;9.26539506172839;µg/l;Fair
TZA00035;2016-01-08;12:00;;TURB;MZWQL-WI-7_2_007;;4.456;NTU;Fair
TZA00035;2016-01-08;12:00;;NO2N;MZWQL-WI-7_2_016;;9.03959512481037;µg/l;Fair
TZA00035;2016-01-08;12:00;;SiO2-Dis;MZWQL-WI-7_2_024;;8385.02380952381;µg/l;Fair
TZA00035;2016-01-08;12:00;;O2-Dis;MZWQL-WI-7_2_036;;6.876;mg/l;Fair
TZA00035;2016-01-08;12:00;;TEMP;TEMP-CND;;24.78;°C;Fair
TZA00035;2016-01-08;12:00;;Alk-Tot;0;;54.4;mg/l;Fair
TZA00045;2016-01-10;00:00;5.0;TDN;COL-AZO-Cd-PS;;0.007;mg/l;Fair
TZA00045;2016-01-10;00:00;5.0;Fe-Tot;CPL-PHEN;;0.16;mg/l;Fair
TZA00045;2016-01-10;00:00;5.0;TP;COL-AA-PPS;;0.08;mg/l;Fair
TZA00045;2016-01-10;00:00;0.5;pH;pH-POT-insitu;;7.34;---;Fair
TZA00045;2016-01-10;00:00;2.0;TN;COL-AZO-Cd-PS;;0.53;mg/l;Fair
TZA00045;2016-01-10;00:00;5.0;Ca-Tot;0;;10.82;mg/l;Fair
TZA00045;2016-01-10;00:00;5.0;EC;EC-CND-FLD;;115.0;µS/cm;Fair
TZA00045;2016-01-10;00:00;5.0;O2-Dis;O2-ISE;;4.2;mg/l;Fair
TZA00045;2016-01-10;00:00;5.0;TSS;TSS-G;;12.0;mg/l;Fair
TZA00045;2016-01-10;00:00;5.0;TDP;COL-AA-SA-PPS;;0.02;mg/l;Fair
TZA00045;2016-01-10;00:00;0.5;TN;COL-AZO-Cd-PS;;0.49;mg/l;Fair
TZA00045;2016-01-10;00:00;0.5;TSS;TSS-G;;8.0;mg/l;Fair
TZA00045;2016-01-10;00:00;0.5;Alk-Phen;0;;6.0;mg/l;Fair
TZA00045;2016-01-10;00:00;0.5;Mg-Tot;0;;3.9;mg/l;Fair
TZA00045;2016-01-10;00:00;0.5;Fe-Tot;CPL-PHEN;;0.2;mg/l;Fair
TZA00045;2016-01-10;00:00;2.0;SiO2-Rea;COL-HB;;7.33;mg/l;Fair
TZA00045;2016-01-10;00:00;2.0;Fe-Tot;CPL-PHEN;;0.14;mg/l;Fair
TZA00045;2016-01-10;00:00;2.0;TDN;COL-AZO-Cd-PS;;0.007;mg/l;Fair
TZA00045;2016-01-10;00:00;2.0;DIP;COL-AA;;0.01;mg/l;Fair
TZA00045;2016-01-10;00:00;5.0;H-T;T-COL-EDTA-EBT;;34.0;mg/l;Fair
TZA00045;2016-01-10;00:00;5.0;Alk-Phen;0;;4.0;mg/l;Fair
TZA00045;2016-01-10;00:00;5.0;Chl-a;0;;0.0252;mg/l;Fair
TZA00045;2016-01-10;00:00;5.0;NH4N;COL-PHE;;0.03;mg/l;Fair
TZA00045;2016-01-10;00:00;0.5;H-T;T-COL-EDTA-EBT;;32.0;mg/l;Fair
TZA00045;2016-01-10;00:00;2.0;TDP;COL-AA-SA-PPS;;0.02;mg/l;Fair
TZA00045;2016-01-10;00:00;2.0;NH4N;COL-PHE;;0.03;mg/l;Fair
TZA00045;2016-01-10;00:00;2.0;TSS;TSS-G;;8.0;mg/l;Fair
TZA00045;2016-01-10;00:00;2.0;pH;pH-POT-insitu;;7.33;---;Fair
TZA00045;2016-01-10;00:00;2.0;O2-Dis;O2-ISE;;5.0;mg/l;Fair
TZA00045;2016-01-10;00:00;2.0;Alk-Tot;0;;56.0;mg/l;Fair
TZA00045;2016-01-10;00:00;5.0;Mg-Tot;0;;1.7;mg/l;Fair
TZA00045;2016-01-10;00:00;5.0;Alk-Tot;0;;58.0;mg/l;Fair
TZA00045;2016-01-10;00:00;5.0;pH;pH-POT-insitu;;7.25;---;Fair
TZA00045;2016-01-10;00:00;5.0;SO4-Tot;SO4-TURB;;3.01;mg/l;Fair
TZA00045;2016-01-10;00:00;0.5;NO3N;COL-AZO-Cd;;0.45;mg/l;Fair
TZA00045;2016-01-10;00:00;0.5;NH4N;COL-PHE;;0.03;mg/l;Fair
TZA00045;2016-01-10;00:00;0.5;SO4-Tot;SO4-TURB;;2.25;mg/l;Fair
TZA00045;2016-01-10;00:00;0.5;TEMP;0;;24.0;°C;Fair
TZA00045;2016-01-10;00:00;2.0;NO3N;COL-AZO-Cd;;0.5;mg/l;Fair
TZA00045;2016-01-10;00:00;2.0;Chl-a;0;;0.0252;mg/l;Fair
TZA00045;2016-01-10;00:00;2.0;TDS;TDS-G-105;;75.0;mg/l;Fair
TZA00045;2016-01-10;00:00;2.0;TEMP;0;;24.4;°C;Fair
TZA00045;2016-01-10;00:00;2.0;Alk-Phen;0;;4.0;mg/l;Fair
TZA00045;2016-01-10;00:00;2.0;H-T;T-COL-EDTA-EBT;;38.0;mg/l;Fair
TZA00045;2016-01-10;00:00;2.0;Ca-Tot;0;;5.61;mg/l;Fair
TZA00045;2016-01-10;00:00;0.5;DIP;COL-AA;;0.03;mg/l;Fair
TZA00045;2016-01-10;00:00;5.0;DIP;COL-AA;;0.02;mg/l;Fair
TZA00045;2016-01-10;00:00;5.0;TEMP;0;;24.5;°C;Fair
TZA00045;2016-01-10;00:00;5.0;TDS;TDS-G-105;;74.0;mg/l;Fair
TZA00045;2016-01-10;00:00;5.0;TN;COL-AZO-Cd-PS;;1.54;mg/l;Fair
TZA00045;2016-01-10;00:00;5.0;NO3N;COL-AZO-Cd;;1.31;mg/l;Fair
TZA00045;2016-01-10;00:00;5.0;SiO2-Rea;COL-HB;;7.25;mg/l;Fair
TZA00045;2016-01-10;00:00;0.5;TDP;COL-AA-SA-PPS;;0.03;mg/l;Fair
TZA00045;2016-01-10;00:00;0.5;SiO2-Rea;COL-HB;;7.34;mg/l;Fair
TZA00045;2016-01-10;00:00;0.5;Chl-a;0;;0.0233;mg/l;Fair
TZA00045;2016-01-10;00:00;0.5;TP;COL-AA-PPS;;0.05;mg/l;Fair
TZA00045;2016-01-10;00:00;0.5;TDS;TDS-G-105;;74.0;mg/l;Fair
TZA00045;2016-01-10;00:00;0.5;O2-Dis;O2-ISE;;5.01;mg/l;Fair
TZA00045;2016-01-10;00:00;0.5;EC;EC-CND-FLD;;115.0;µS/cm;Fair
TZA00045;2016-01-10;00:00;0.5;Alk-Tot;0;;56.0;mg/l;Fair
TZA00045;2016-01-10;00:00;0.5;Ca-Tot;0;;6.41;mg/l;Fair
TZA00045;2016-01-10;00:00;0.5;TDN;COL-AZO-Cd-PS;;0.007;mg/l;Fair
TZA00045;2016-01-10;00:00;2.0;SO4-Tot;SO4-TURB;;2.83;mg/l;Fair
TZA00045;2016-01-10;00:00;2.0;TP;COL-AA-PPS;;0.07;mg/l;Fair
TZA00045;2016-01-10;00:00;2.0;EC;EC-CND-FLD;;115.0;µS/cm;Fair
TZA00045;2016-01-10;00:00;2.0;Mg-Tot;0;;6.0;mg/l;Fair
TZA00046;2016-10-01;00:00;2.0;O2-Dis;O2-ISE;;5.97;mg/l;Fair
TZA00046;2016-10-01;00:00;2.0;pH;pH-POT-insitu;;8.08;---;Fair
TZA00046;2016-10-01;00:00;12.0;pH;pH-POT-insitu;;8.13;---;Fair
TZA00046;2016-10-01;00:00;12.0;O2-Dis;O2-ISE;;4.93;mg/l;Fair
TZA00046;2016-01-10;00:00;5.0;NO2N;COL-AZO;;4.0;mg/l;Fair
TZA00046;2016-01-10;00:00;5.0;TDP;COL-AA-SA-PPS;;0.03;mg/l;Fair
TZA00046;2016-01-10;00:00;0.5;SiO2-Rea;COL-HB;;5.73;mg/l;Fair
TZA00046;2016-01-10;00:00;0.5;NH4N;COL-PHE;;0.05;mg/l;Fair
TZA00046;2016-01-10;00:00;0.5;TSS;TSS-G;;4.0;mg/l;Fair
TZA00046;2016-01-10;00:00;0.5;Mg-Tot;0;;7.29;mg/l;Fair
TZA00046;2016-01-10;00:00;0.5;NO2N;COL-AZO;;4.0;mg/l;Fair
TZA00046;2016-01-10;00:00;0.5;TDN;COL-AZO-Cd-PS;;1.204;mg/l;Fair
TZA00046;2016-01-10;00:00;2.0;Ca-Tot;0;;5.6;mg/l;Fair
TZA00046;2016-01-10;00:00;2.0;TEMP;0;;24.4;°C;Fair
TZA00046;2016-01-10;00:00;12.0;NO3N;COL-AZO-Cd;;0.17;mg/l;Fair
TZA00046;2016-01-10;00:00;12.0;TP;COL-AA-PPS;;0.1;mg/l;Fair
TZA00046;2016-01-10;00:00;12.0;TEMP;0;;24.6;°C;Fair
TZA00046;2016-01-10;00:00;12.0;Alk-Tot;0;;52.0;mg/l;Fair
TZA00046;2016-01-10;00:00;12.0;Fe-Tot;CPL-PHEN;;0.41;mg/l;Fair
TZA00046;2016-01-10;00:00;12.0;NH4N;COL-PHE;;0.1;mg/l;Fair
TZA00046;2016-10-01;00:00;5.0;O2-Dis;O2-ISE;;5.82;mg/l;Fair
TZA00046;2016-10-01;00:00;0.5;pH;pH-POT-insitu;;7.84;---;Fair
TZA00046;2016-01-10;00:00;5.0;SO4-Tot;SO4-TURB;;2.87;mg/l;Fair
TZA00046;2016-01-10;00:00;5.0;TURB;NEPH;;4.0;NTU;Fair
TZA00046;2016-01-10;00:00;5.0;Chl-a;0;;16.88;mg/l;Fair
TZA00046;2016-01-10;00:00;5.0;Fe-Tot;CPL-PHEN;;0.22;mg/l;Fair
TZA00046;2016-01-10;00:00;5.0;NH4N;COL-PHE;;0.02;mg/l;Fair
TZA00046;2016-01-10;00:00;0.5;Fe-Tot;CPL-PHEN;;0.24;mg/l;Fair
TZA00046;2016-01-10;00:00;0.5;TURB;NEPH;;7.3;NTU;Fair
TZA00046;2016-01-10;00:00;0.5;TEMP;0;;24.2;°C;Fair
TZA00046;2016-01-10;00:00;0.5;TDS;TDS-G-105;;66.0;mg/l;Fair
TZA00046;2016-01-10;00:00;0.5;TP;COL-AA-PPS;;0.08;mg/l;Fair
TZA00046;2016-01-10;00:00;0.5;NO3N;COL-AZO-Cd;;0.67;mg/l;Fair
TZA00046;2016-01-10;00:00;2.0;TDP;COL-AA-SA-PPS;;0.04;mg/l;Fair
TZA00046;2016-01-10;00:00;2.0;NH4N;COL-PHE;;0.1;mg/l;Fair
TZA00046;2016-01-10;00:00;2.0;TDN;COL-AZO-Cd-PS;;0.785;mg/l;Fair
TZA00046;2016-01-10;00:00;12.0;Mg-Tot;0;;3.4;mg/l;Fair
TZA00046;2016-01-10;00:00;12.0;H-T;T-COL-EDTA-EBT;;28.0;mg/l;Fair
TZA00046;2016-01-10;00:00;12.0;TDP;COL-AA-SA-PPS;;0.05;mg/l;Fair
TZA00046;2016-01-10;00:00;0.5;DIP;COL-AA;;0.02;mg/l;Fair
TZA00046;2016-01-10;00:00;2.0;DIP;COL-AA;;0.03;mg/l;Fair
TZA00046;2016-10-01;00:00;5.0;pH;pH-POT-insitu;;8.29;---;Fair
TZA00046;2016-01-10;00:00;5.0;Mg-Tot;0;;5.83;mg/l;Fair
TZA00046;2016-01-10;00:00;5.0;H-T;T-COL-EDTA-EBT;;36.0;mg/l;Fair
TZA00046;2016-01-10;00:00;5.0;TDS;TDS-G-105;;63.0;mg/l;Fair
TZA00046;2016-01-10;00:00;5.0;TN;COL-AZO-Cd-PS;;0.19;mg/l;Fair
TZA00046;2016-01-10;00:00;5.0;Ca-Tot;0;;4.81;mg/l;Fair
TZA00046;2016-01-10;00:00;5.0;SiO2-Rea;COL-HB;;3.25;mg/l;Fair
TZA00046;2016-01-10;00:00;0.5;TDP;COL-AA-SA-PPS;;0.06;mg/l;Fair
TZA00046;2016-01-10;00:00;0.5;Alk-Tot;0;;50.0;mg/l;Fair
TZA00046;2016-01-10;00:00;0.5;Chl-a;0;;23.86;mg/l;Fair
TZA00046;2016-01-10;00:00;0.5;Alk-Phen;0;;12.0;mg/l;Fair
TZA00046;2016-01-10;00:00;2.0;Alk-Tot;0;;54.0;mg/l;Fair
TZA00046;2016-01-10;00:00;2.0;TSS;TSS-G;;8.0;mg/l;Fair
TZA00046;2016-01-10;00:00;2.0;TP;COL-AA-PPS;;0.08;mg/l;Fair
TZA00046;2016-01-10;00:00;12.0;SO4-Tot;SO4-TURB;;2.65;mg/l;Fair
TZA00046;2016-01-10;00:00;12.0;TDS;TDS-G-105;;65.0;mg/l;Fair
TZA00046;2016-01-10;00:00;12.0;TN;COL-AZO-Cd-PS;;0.23;mg/l;Fair
TZA00046;2016-01-10;00:00;12.0;Ca-Tot;0;;5.61;mg/l;Fair
TZA00046;2016-10-01;00:00;5.0;EC;EC-CND-FLD;;97.0;µS/cm;Fair
TZA00046;2016-10-01;00:00;0.5;EC;EC-CND-FLD;;102.0;µS/cm;Fair
TZA00046;2016-10-01;00:00;12.0;EC;EC-CND-FLD;;100.0;µS/cm;Fair
TZA00046;2016-01-10;00:00;5.0;TDN;COL-AZO-Cd-PS;;0.134;mg/l;Fair
TZA00046;2016-01-10;00:00;5.0;NO3N;COL-AZO-Cd;;0.16;mg/l;Fair
TZA00046;2016-01-10;00:00;5.0;TP;COL-AA-PPS;;0.08;mg/l;Fair
TZA00046;2016-01-10;00:00;5.0;TEMP;0;;24.6;°C;Fair
TZA00046;2016-01-10;00:00;5.0;Alk-Tot;0;;50.0;mg/l;Fair
TZA00046;2016-01-10;00:00;0.5;Ca-Tot;0;;6.4;mg/l;Fair
TZA00046;2016-01-10;00:00;0.5;SO4-Tot;SO4-TURB;;2.87;mg/l;Fair
TZA00046;2016-01-10;00:00;2.0;SiO2-Rea;COL-HB;;3.28;mg/l;Fair
TZA00046;2016-01-10;00:00;2.0;Chl-a;0;;17.46;mg/l;Fair
TZA00046;2016-01-10;00:00;2.0;Alk-Phen;0;;10.0;mg/l;Fair
TZA00046;2016-01-10;00:00;2.0;Mg-Tot;0;;4.86;mg/l;Fair
TZA00046;2016-01-10;00:00;2.0;NO3N;COL-AZO-Cd;;0.19;mg/l;Fair
TZA00046;2016-01-10;00:00;2.0;NO2N;COL-AZO;;60.0;mg/l;Fair
TZA00046;2016-01-10;00:00;12.0;TDN;COL-AZO-Cd-PS;;0.174;mg/l;Fair
TZA00046;2016-01-10;00:00;12.0;NO2N;COL-AZO;;170.0;mg/l;Fair
TZA00046;2016-01-10;00:00;12.0;Chl-a;0;;16.3;mg/l;Fair
TZA00046;2016-01-10;00:00;12.0;SiO2-Rea;COL-HB;;3.73;mg/l;Fair
TZA00046;2016-01-10;00:00;12.0;DIP;COL-AA;;0.03;mg/l;Fair
TZA00046;2016-01-10;00:00;5.0;DIP;COL-AA;;0.02;mg/l;Fair
TZA00046;2016-10-01;00:00;0.5;O2-Dis;O2-ISE;;5.12;mg/l;Fair
TZA00046;2016-10-01;00:00;2.0;EC;EC-CND-FLD;;99.0;µS/cm;Fair
TZA00046;2016-01-10;00:00;5.0;Alk-Phen;0;;8.0;mg/l;Fair
TZA00046;2016-01-10;00:00;5.0;TSS;TSS-G;;8.0;mg/l;Fair
TZA00046;2016-01-10;00:00;0.5;TN;COL-AZO-Cd-PS;;1.26;mg/l;Fair
TZA00046;2016-01-10;00:00;0.5;H-T;T-COL-EDTA-EBT;;46.0;mg/l;Fair
TZA00046;2016-01-10;00:00;2.0;Fe-Tot;CPL-PHEN;;0.23;mg/l;Fair
TZA00046;2016-01-10;00:00;2.0;TN;COL-AZO-Cd-PS;;0.08;mg/l;Fair
TZA00046;2016-01-10;00:00;2.0;TURB;NEPH;;3.5;NTU;Fair
TZA00046;2016-01-10;00:00;2.0;TDS;TDS-G-105;;64.0;mg/l;Fair
TZA00046;2016-01-10;00:00;2.0;SO4-Tot;SO4-TURB;;2.65;mg/l;Fair
TZA00046;2016-01-10;00:00;2.0;H-T;T-COL-EDTA-EBT;;34.0;mg/l;Fair
TZA00046;2016-01-10;00:00;12.0;TSS;TSS-G;;8.0;mg/l;Fair
TZA00046;2016-01-10;00:00;12.0;TURB;NEPH;;6.6;NTU;Fair
TZA00047;2016-01-09;00:00;52.0;DIP;COL-AA;;0.04;mg/l;Fair
TZA00047;2016-01-09;00:00;45.0;Fe-Tot;CPL-PHEN;;0.09;mg/l;Fair
TZA00047;2016-01-09;00:00;45.0;Ca-Tot;0;;6.41;mg/l;Fair
TZA00047;2016-01-09;00:00;45.0;H-T;T-COL-EDTA-EBT;;23.0;mg/l;Fair
TZA00047;2016-01-09;00:00;45.0;TP;COL-AA-PPS;;0.07;mg/l;Fair
TZA00047;2016-01-09;00:00;45.0;TN;COL-AZO-Cd-PS;;0.51;mg/l;Fair
TZA00047;2016-01-09;00:00;45.0;TDS;TDS-G-105;;61.0;mg/l;Fair
TZA00047;2016-01-09;00:00;45.0;O2-Dis;O2-ISE;;5.0;mg/l;Fair
TZA00047;2016-01-09;00:00;15.0;pH;pH-POT-insitu;;7.71;---;Fair
TZA00047;2016-01-09;00:00;15.0;TURB;NEPH;;1.0;NTU;Fair
TZA00047;2016-01-09;00:00;15.0;TDS;TDS-G-105;;59.0;mg/l;Fair
TZA00047;2016-01-09;00:00;15.0;Alk-Tot;0;;50.0;mg/l;Fair
TZA00047;2016-01-09;00:00;0.5;Ca-Tot;0;;7.21;mg/l;Fair
TZA00047;2016-01-09;00:00;0.5;Alk-Tot;0;;88.0;mg/l;Fair
TZA00047;2016-01-09;00:00;0.5;pH;pH-POT-insitu;;7.56;---;Fair
TZA00047;2016-01-09;00:00;0.5;NH4N;COL-PHE;;0.06;mg/l;Fair
TZA00047;2016-01-09;00:00;5.0;Fe-Tot;CPL-PHEN;;0.14;mg/l;Fair
TZA00047;2016-01-09;00:00;5.0;H-T;T-COL-EDTA-EBT;;29.0;mg/l;Fair
TZA00047;2016-01-09;00:00;5.0;TURB;NEPH;;1.1;NTU;Fair
TZA00047;2016-01-09;00:00;5.0;TEMP;0;;24.6;°C;Fair
TZA00047;2016-01-09;00:00;5.0;NO3N;COL-AZO-Cd;;0.29;mg/l;Fair
TZA00047;2016-01-09;00:00;30.0;NH4N;COL-PHE;;0.06;mg/l;Fair
TZA00047;2016-01-09;00:00;30.0;TEMP;0;;24.4;°C;Fair
TZA00047;2016-01-09;00:00;30.0;TURB;NEPH;;1.4;NTU;Fair
TZA00047;2016-01-09;00:00;30.0;TP;COL-AA-PPS;;0.07;mg/l;Fair
TZA00047;2016-01-09;00:00;30.0;H-T;T-COL-EDTA-EBT;;28.0;mg/l;Fair
TZA00047;2016-01-09;00:00;30.0;TDN;COL-AZO-Cd-PS;;0.091;mg/l;Fair
TZA00047;2016-01-09;00:00;52.0;TDN;COL-AZO-Cd-PS;;0.045;mg/l;Fair
TZA00047;2016-01-09;00:00;52.0;TP;COL-AA-PPS;;0.07;mg/l;Fair
TZA00047;2016-01-09;00:00;52.0;TEMP;0;;24.0;°C;Fair
TZA00047;2016-01-09;00:00;52.0;NH4N;COL-PHE;;0.07;mg/l;Fair
TZA00047;2016-01-09;00:00;45.0;TDP;COL-AA-SA-PPS;;0.05;mg/l;Fair
TZA00047;2016-01-09;00:00;45.0;Alk-Tot;0;;48.0;mg/l;Fair
TZA00047;2016-01-09;00:00;45.0;EC;EC-CND-FLD;;93.0;µS/cm;Fair
TZA00047;2016-01-09;00:00;45.0;Chl-a;0;;0.0011;mg/l;Fair
TZA00047;2016-01-09;00:00;45.0;SO4-Tot;SO4-TURB;;2.83;mg/l;Fair
TZA00047;2016-01-09;00:00;45.0;NO3N;COL-AZO-Cd;;0.48;mg/l;Fair
TZA00047;2016-01-09;00:00;15.0;O2-Dis;O2-ISE;;6.0;mg/l;Fair
TZA00047;2016-01-09;00:00;15.0;TP;COL-AA-PPS;;0.05;mg/l;Fair
TZA00047;2016-01-09;00:00;15.0;Ca-Tot;0;;7.21;mg/l;Fair
TZA00047;2016-01-09;00:00;0.5;Fe-Tot;CPL-PHEN;;0.11;mg/l;Fair
TZA00047;2016-01-09;00:00;0.5;TP;COL-AA-PPS;;0.06;mg/l;Fair
TZA00047;2016-01-09;00:00;0.5;TN;COL-AZO-Cd-PS;;0.23;mg/l;Fair
TZA00047;2016-01-09;00:00;0.5;TDS;TDS-G-105;;63.0;mg/l;Fair
TZA00047;2016-01-09;00:00;0.5;TEMP;0;;24.6;°C;Fair
TZA00047;2016-01-09;00:00;0.5;EC;EC-CND-FLD;;96.0;µS/cm;Fair
TZA00047;2016-01-09;00:00;0.5;NO3N;COL-AZO-Cd;;0.18;mg/l;Fair
TZA00047;2016-01-09;00:00;5.0;Alk-Tot;0;;46.0;mg/l;Fair
TZA00047;2016-01-09;00:00;5.0;TDS;TDS-G-105;;58.0;mg/l;Fair
TZA00047;2016-01-09;00:00;5.0;SiO2-Rea;COL-HB;;3.42;mg/l;Fair
TZA00047;2016-01-09;00:00;30.0;NO3N;COL-AZO-Cd;;0.15;mg/l;Fair
TZA00047;2016-01-09;00:00;30.0;Chl-a;0;;0.0022;mg/l;Fair
TZA00047;2016-01-09;00:00;30.0;O2-Dis;O2-ISE;;5.0;mg/l;Fair
TZA00047;2016-01-09;00:00;30.0;Mg-Tot;0;;2.43;mg/l;Fair
TZA00047;2016-01-09;00:00;30.0;NO2N;COL-AZO;;0.02;mg/l;Fair
TZA00047;2016-01-09;00:00;52.0;Fe-Tot;CPL-PHEN;;0.08;mg/l;Fair
TZA00047;2016-01-09;00:00;52.0;Ca-Tot;0;;5.61;mg/l;Fair
TZA00047;2016-01-09;00:00;52.0;TSS;TSS-G;;4.0;mg/l;Fair
TZA00047;2016-01-09;00:00;52.0;Chl-a;0;;0.0011;mg/l;Fair
TZA00047;2016-01-09;00:00;45.0;DIP;COL-AA;;0.04;mg/l;Fair
TZA00047;2016-01-09;00:00;30.0;DIP;COL-AA;;0.04;mg/l;Fair
TZA00047;2016-01-09;00:00;45.0;TURB;NEPH;;1.1;NTU;Fair
TZA00047;2016-01-09;00:00;45.0;TSS;TSS-G;;4.0;mg/l;Fair
TZA00047;2016-01-09;00:00;45.0;TEMP;0;;24.1;°C;Fair
TZA00047;2016-01-09;00:00;45.0;pH;pH-POT-insitu;;7.23;---;Fair
TZA00047;2016-01-09;00:00;15.0;NO3N;COL-AZO-Cd;;0.53;mg/l;Fair
TZA00047;2016-01-09;00:00;15.0;NH4N;COL-PHE;;0.07;mg/l;Fair
TZA00047;2016-01-09;00:00;15.0;SO4-Tot;SO4-TURB;;4.03;mg/l;Fair
TZA00047;2016-01-09;00:00;15.0;TN;COL-AZO-Cd-PS;;0.55;mg/l;Fair
TZA00047;2016-01-09;00:00;0.5;TDP;COL-AA-SA-PPS;;0.05;mg/l;Fair
TZA00047;2016-01-09;00:00;0.5;Mg-Tot;0;;2.19;mg/l;Fair
TZA00047;2016-01-09;00:00;0.5;Alk-Phen;0;;44.0;mg/l;Fair
TZA00047;2016-01-09;00:00;0.5;O2-Dis;O2-ISE;;6.0;mg/l;Fair
TZA00047;2016-01-09;00:00;5.0;TDP;COL-AA-SA-PPS;;0.05;mg/l;Fair
TZA00047;2016-01-09;00:00;5.0;Mg-Tot;0;;3.16;mg/l;Fair
TZA00047;2016-01-09;00:00;5.0;Ca-Tot;0;;6.41;mg/l;Fair
TZA00047;2016-01-09;00:00;5.0;Alk-Phen;0;;8.0;mg/l;Fair
TZA00047;2016-01-09;00:00;5.0;TP;COL-AA-PPS;;0.08;mg/l;Fair
TZA00047;2016-01-09;00:00;5.0;TN;COL-AZO-Cd-PS;;0.33;mg/l;Fair
TZA00047;2016-01-09;00:00;30.0;SiO2-Rea;COL-HB;;3.43;mg/l;Fair
TZA00047;2016-01-09;00:00;30.0;TSS;TSS-G;;4.0;mg/l;Fair
TZA00047;2016-01-09;00:00;30.0;TN;COL-AZO-Cd-PS;;0.38;mg/l;Fair
TZA00047;2016-01-09;00:00;30.0;Ca-Tot;0;;7.21;mg/l;Fair
TZA00047;2016-01-09;00:00;30.0;Fe-Tot;CPL-PHEN;;0.14;mg/l;Fair
TZA00047;2016-01-09;00:00;30.0;TDP;COL-AA-SA-PPS;;0.06;mg/l;Fair
TZA00047;2016-01-09;00:00;52.0;TDP;COL-AA-SA-PPS;;0.05;mg/l;Fair
TZA00047;2016-01-09;00:00;52.0;H-T;T-COL-EDTA-EBT;;30.0;mg/l;Fair
TZA00047;2016-01-09;00:00;52.0;pH;pH-POT-insitu;;7.08;---;Fair
TZA00047;2016-01-09;00:00;52.0;SiO2-Rea;COL-HB;;4.4;mg/l;Fair
TZA00047;2016-01-09;00:00;45.0;TDN;COL-AZO-Cd-PS;;0.313;mg/l;Fair
TZA00047;2016-01-09;00:00;45.0;Mg-Tot;0;;1.7;mg/l;Fair
TZA00047;2016-01-09;00:00;45.0;NH4N;COL-PHE;;0.05;mg/l;Fair
TZA00047;2016-01-09;00:00;45.0;SiO2-Rea;COL-HB;;4.03;mg/l;Fair
TZA00047;2016-01-09;00:00;15.0;SiO2-Rea;COL-HB;;3.48;mg/l;Fair
TZA00047;2016-01-09;00:00;15.0;Chl-a;0;;0.0029;mg/l;Fair
TZA00047;2016-01-09;00:00;15.0;TEMP;0;;24.6;°C;Fair
TZA00047;2016-01-09;00:00;15.0;Mg-Tot;0;;1.94;mg/l;Fair
TZA00047;2016-01-09;00:00;15.0;NO2N;COL-AZO;;0.01;mg/l;Fair
TZA00047;2016-01-09;00:00;15.0;TDP;COL-AA-SA-PPS;;0.05;mg/l;Fair
TZA00047;2016-01-09;00:00;15.0;TDN;COL-AZO-Cd-PS;;0.487;mg/l;Fair
TZA00047;2016-01-09;00:00;0.5;TDN;COL-AZO-Cd-PS;;0.103;mg/l;Fair
TZA00047;2016-01-09;00:00;0.5;TURB;NEPH;;1.2;NTU;Fair
TZA00047;2016-01-09;00:00;0.5;Chl-a;0;;0.0036;mg/l;Fair
TZA00047;2016-01-09;00:00;0.5;SO4-Tot;SO4-TURB;;3.94;mg/l;Fair
TZA00047;2016-01-09;00:00;0.5;SiO2-Rea;COL-HB;;3.64;mg/l;Fair
TZA00047;2016-01-09;00:00;5.0;EC;EC-CND-FLD;;91.0;µS/cm;Fair
TZA00047;2016-01-09;00:00;5.0;pH;pH-POT-insitu;;7.74;---;Fair
TZA00047;2016-01-09;00:00;5.0;Chl-a;0;;0.004;mg/l;Fair
TZA00047;2016-01-09;00:00;5.0;NH4N;COL-PHE;;0.04;mg/l;Fair
TZA00047;2016-01-09;00:00;30.0;EC;EC-CND-FLD;;93.0;µS/cm;Fair
TZA00047;2016-01-09;00:00;30.0;TDS;TDS-G-105;;59.0;mg/l;Fair
TZA00047;2016-01-09;00:00;52.0;Mg-Tot;0;;3.89;mg/l;Fair
TZA00047;2016-01-09;00:00;52.0;Alk-Tot;0;;46.0;mg/l;Fair
TZA00047;2016-01-09;00:00;52.0;TDS;TDS-G-105;;60.0;mg/l;Fair
TZA00047;2016-01-09;00:00;52.0;TURB;NEPH;;1.1;NTU;Fair
TZA00047;2016-01-09;00:00;52.0;EC;EC-CND-FLD;;94.0;µS/cm;Fair
TZA00047;2016-01-09;00:00;52.0;O2-Dis;O2-ISE;;6.0;mg/l;Fair
TZA00047;2016-01-09;00:00;0.5;DIP;COL-AA;;0.03;mg/l;Fair
TZA00047;2016-01-09;00:00;15.0;DIP;COL-AA;;0.03;mg/l;Fair
TZA00047;2016-01-09;00:00;15.0;EC;EC-CND-FLD;;92.0;µS/cm;Fair
TZA00047;2016-01-09;00:00;15.0;TSS;TSS-G;;4.0;mg/l;Fair
TZA00047;2016-01-09;00:00;15.0;H-T;T-COL-EDTA-EBT;;26.0;mg/l;Fair
TZA00047;2016-01-09;00:00;15.0;Fe-Tot;CPL-PHEN;;0.08;mg/l;Fair
TZA00047;2016-01-09;00:00;0.5;H-T;T-COL-EDTA-EBT;;27.0;mg/l;Fair
TZA00047;2016-01-09;00:00;0.5;TSS;TSS-G;;8.0;mg/l;Fair
TZA00047;2016-01-09;00:00;5.0;TDN;COL-AZO-Cd-PS;;0.266;mg/l;Fair
TZA00047;2016-01-09;00:00;5.0;TSS;TSS-G;;4.0;mg/l;Fair
TZA00047;2016-01-09;00:00;5.0;O2-Dis;O2-ISE;;6.0;mg/l;Fair
TZA00047;2016-01-09;00:00;5.0;SO4-Tot;SO4-TURB;;3.18;mg/l;Fair
TZA00047;2016-01-09;00:00;30.0;SO4-Tot;SO4-TURB;;2.74;mg/l;Fair
TZA00047;2016-01-09;00:00;30.0;pH;pH-POT-insitu;;7.56;---;Fair
TZA00047;2016-01-09;00:00;30.0;Alk-Tot;0;;48.0;mg/l;Fair
TZA00047;2016-01-09;00:00;52.0;TN;COL-AZO-Cd-PS;;0.15;mg/l;Fair
TZA00047;2016-01-09;00:00;52.0;SO4-Tot;SO4-TURB;;2.03;mg/l;Fair
TZA00047;2016-01-09;00:00;52.0;NO3N;COL-AZO-Cd;;0.09;mg/l;Fair
TZA00047;2016-01-09;00:00;5.0;DIP;COL-AA;;0.03;mg/l;Fair
TZA00048;2016-01-08;00:00;2.5;TDN;COL-AZO-Cd-PS;;0.324;mg/l;Fair
TZA00048;2016-01-08;00:00;2.5;NO3N;COL-AZO-Cd;;0.03;mg/l;Fair
TZA00048;2016-01-08;00:00;2.5;H-T;T-COL-EDTA-EBT;;31.0;mg/l;Fair
TZA00048;2016-01-08;00:00;2.5;SO4-Tot;SO4-TURB;;3.53;mg/l;Fair
TZA00048;2016-01-08;00:00;2.5;TN;COL-AZO-Cd-PS;;0.38;mg/l;Fair
TZA00048;2016-01-08;00:00;2.5;Alk-Tot;0;;74.0;mg/l;Fair
TZA00048;2016-01-08;00:00;0.5;H-T;T-COL-EDTA-EBT;;30.0;mg/l;Fair
TZA00048;2016-01-08;00:00;0.5;Alk-Phen;0;;4.0;mg/l;Fair
TZA00048;2016-01-08;00:00;0.5;O2-Dis;O2-ISE;;7.39;mg/l;Fair
TZA00048;2016-01-08;00:00;0.5;TEMP;0;;25.5;°C;Fair
TZA00048;2016-01-08;00:00;0.5;TDS;TDS-G-105;;91.0;mg/l;Fair
TZA00048;2016-01-08;00:00;0.5;TN;COL-AZO-Cd-PS;;1.21;mg/l;Fair
TZA00048;2016-01-08;00:00;0.5;Alk-Tot;0;;70.0;mg/l;Fair
TZA00048;2016-01-08;00:00;0.5;NH4N;COL-PHE;;0.06;mg/l;Fair
TZA00048;2016-01-08;00:00;0.5;SiO2-Rea;COL-HB;;0.97;mg/l;Fair
TZA00048;2016-01-08;00:00;5.5;TDP;COL-AA-SA-PPS;;0.04;mg/l;Fair
TZA00048;2016-01-08;00:00;5.5;NH4N;COL-PHE;;0.1;mg/l;Fair
TZA00048;2016-01-08;00:00;5.5;Ca-Tot;0;;6.0;mg/l;Fair
TZA00048;2016-01-08;00:00;5.5;TDS;TDS-G-105;;94.0;mg/l;Fair
TZA00048;2016-01-08;00:00;5.5;TURB;NEPH;;68.0;NTU;Fair
TZA00048;2016-01-08;00:00;5.5;Chl-a;0;;0.0233;mg/l;Fair
TZA00048;2016-01-08;00:00;5.5;NO3N;COL-AZO-Cd;;0.1;mg/l;Fair
TZA00048;2016-01-08;00:00;0.5;DIP;COL-AA;;0.12;mg/l;Fair
TZA00048;2016-01-07;00:00;5.5;EC;EC-CND-FLD;;145.0;µS/cm;Fair
TZA00048;2016-01-08;00:00;2.5;Mg-Tot;0;;1.7;mg/l;Fair
TZA00048;2016-01-08;00:00;0.5;TDN;COL-AZO-Cd-PS;;0.001;mg/l;Fair
TZA00048;2016-01-08;00:00;0.5;TURB;NEPH;;17.0;NTU;Fair
TZA00048;2016-01-08;00:00;0.5;pH;pH-POT-insitu;;6.47;---;Fair
TZA00048;2016-01-08;00:00;0.5;TP;COL-AA-PPS;;0.16;mg/l;Fair
TZA00048;2016-01-08;00:00;0.5;Fe-Tot;CPL-PHEN;;0.47;mg/l;Fair
TZA00048;2016-01-08;00:00;0.5;TDP;COL-AA-SA-PPS;;0.15;mg/l;Fair
TZA00048;2016-01-08;00:00;5.5;Fe-Tot;CPL-PHEN;;0.48;mg/l;Fair
TZA00048;2016-01-08;00:00;5.5;TEMP;0;;25.7;°C;Fair
TZA00048;2016-01-08;00:00;5.5;H-T;T-COL-EDTA-EBT;;33.0;mg/l;Fair
TZA00048;2016-01-08;00:00;5.5;DIP;COL-AA;;0.03;mg/l;Fair
TZA00048;2016-01-08;00:00;2.5;DIP;COL-AA;;0.02;mg/l;Fair
TZA00048;2016-01-08;00:00;2.5;Chl-a;0;;0.031;mg/l;Fair
TZA00048;2016-01-08;00:00;2.5;TURB;NEPH;;7.7;NTU;Fair
TZA00048;2016-01-08;00:00;2.5;O2-Dis;O2-ISE;;7.5;mg/l;Fair
TZA00048;2016-01-08;00:00;2.5;TEMP;0;;26.0;°C;Fair
TZA00048;2016-01-08;00:00;2.5;TP;COL-AA-PPS;;0.06;mg/l;Fair
TZA00048;2016-01-08;00:00;2.5;SiO2-Rea;COL-HB;;0.95;mg/l;Fair
TZA00048;2016-01-08;00:00;0.5;NO2N;COL-AZO;;0.01;mg/l;Fair
TZA00048;2016-01-08;00:00;0.5;Mg-Tot;0;;1.94;mg/l;Fair
TZA00048;2016-01-08;00:00;0.5;Ca-Tot;0;;9.0;mg/l;Fair
TZA00048;2016-01-08;00:00;5.5;SiO2-Rea;COL-HB;;1.04;mg/l;Fair
TZA00048;2016-01-08;00:00;5.5;TP;COL-AA-PPS;;0.06;mg/l;Fair
TZA00048;2016-01-08;00:00;5.5;TN;COL-AZO-Cd-PS;;1.2;mg/l;Fair
TZA00048;2016-01-08;00:00;5.5;O2-Dis;O2-ISE;;6.22;mg/l;Fair
TZA00048;2016-01-08;00:00;5.5;Alk-Phen;0;;76.0;mg/l;Fair
TZA00048;2016-01-08;00:00;5.5;Mg-Tot;0;;4.62;mg/l;Fair
TZA00048;2016-01-08;00:00;5.5;NO2N;COL-AZO;;0.05;mg/l;Fair
TZA00048;2016-01-08;00:00;2.5;Alk-Phen;0;;8.0;mg/l;Fair
TZA00048;2016-01-08;00:00;2.5;TSS;TSS-G;;36.7;mg/l;Fair
TZA00048;2016-01-08;00:00;2.5;Ca-Tot;0;;18.0;mg/l;Fair
TZA00048;2016-01-08;00:00;2.5;Fe-Tot;CPL-PHEN;;0.4;mg/l;Fair
TZA00048;2016-01-08;00:00;2.5;NH4N;COL-PHE;;0.06;mg/l;Fair
TZA00048;2016-01-08;00:00;2.5;TDP;COL-AA-SA-PPS;;0.05;mg/l;Fair
TZA00048;2016-01-08;00:00;0.5;Chl-a;0;;0.0427;mg/l;Fair
TZA00048;2016-01-08;00:00;0.5;TSS;TSS-G;;33.3;mg/l;Fair
TZA00048;2016-01-08;00:00;5.5;SO4-Tot;SO4-TURB;;2.48;mg/l;Fair
TZA00048;2016-01-08;00:00;2.5;pH;pH-POT-insitu;;7.44;---;Fair
TZA00048;2016-01-08;00:00;2.5;TDS;TDS-G-105;;93.0;mg/l;Fair
TZA00048;2016-01-08;00:00;0.5;NO3N;COL-AZO-Cd;;0.1;mg/l;Fair
TZA00048;2016-01-08;00:00;0.5;SO4-Tot;SO4-TURB;;2.68;mg/l;Fair
TZA00048;2016-01-08;00:00;5.5;Alk-Tot;0;;80.0;mg/l;Fair
TZA00048;2016-01-08;00:00;5.5;TSS;TSS-G;;33.3;mg/l;Fair
TZA00048;2016-01-08;00:00;5.5;pH;pH-POT-insitu;;7.17;---;Fair
TZA00048;2016-01-08;00:00;5.5;TDN;COL-AZO-Cd-PS;;0.001;mg/l;Fair
TZA00048;2016-01-07;00:00;2.5;EC;EC-CND-FLD;;144.0;µS/cm;Fair
TZA00048;2016-01-07;00:00;0.5;EC;EC-CND-FLD;;139.0;µS/cm;Fair
