Station,Date,Time,Alk-Tot,Chl-a,Cl-Tot,DRP,EC,H-T,NH4N,NO2N,NO3N,O2-Dis,SiO2-Dis,TDS,TEMP,TURB,pH,Station Identifier,Latitude,Longitude,Region,Cl-Dis,NH3N,SiO2-Rea,TDP,TN,TP,TRANS,TSS,O2-Dis-Sat,TIP,BOD,TOTCOLI,A340,As-Tot,COL-True,Cd-Tot,Cr-Tot,DOC,ENTCOCC,FECALCOLI,Hg-Tot,Ni-Tot,Pb-Tot,TEMP-Air,TKN,TOC,TON,TRP,Ca-Dis,Fe-Dis,Mg-Dis,Na-Dis,Pb-Dis,SO4-Dis,Zn-Dis,Cluster
NLD00222,2018-01-08,,,,600.0,,,,0.2251821,,0.03611744,12.2,,,,,,NOORDER IJPLAS,52.4241,4.8642,Europe,,,,,,0.05,,,94.0,,,,,,,,,,,,,,,,,,,,,,,,,,,215
NLD00222,2018-01-22,,,,610.0,,,,0.0232947,,0.06094818,5.5,,,,,,NOORDER IJPLAS,52.4241,4.8642,Europe,,,,,,0.05,,,44.0,,,,,,,,,,,,,,,,,,,,,,,,,,,215
NLD00222,2018-02-05,,,,610.0,,,,0.0232947,,0.09706562,11.7,,,,,,NOORDER IJPLAS,52.4241,4.8642,Europe,,,,,,0.06,,,91.0,,,,,,,,,,,,,,,,,,,,,,,,,,,215
NLD00222,2018-02-19,,,,610.0,,,,0.0388245,,0.06546286,12.7,,,,,,NOORDER IJPLAS,52.4241,4.8642,Europe,,,,,,0.07,,,97.0,,,,,,,,,,,,,,,,,,,,,,,,,,,215
NLD00222,2018-05-22,,,,630.0,,,,0.0232947,,0.0112867,6.5,,,,,,NOORDER IJPLAS,52.4241,4.8642,Europe,,,,,,0.06,,,70.0,,,,,,,,,,,,,,,,,,,,,,,,,,,215
NLD00222,2018-06-04,,,,630.0,,,,0.077649,,0.0112867,8.1,,,,,,NOORDER IJPLAS,52.4241,4.8642,Europe,,,,,,0.03,,,92.0,,,,,,,,,,,,,,,,,,,,,,,,,,,215
NLD00222,2018-06-18,,,,650.0,,,,0.0388245,,0.0112867,8.0,,,,,,NOORDER IJPLAS,52.4241,4.8642,Europe,,,,,,0.02,,,87.0,,,,,,,,,,,,,,,,,,,,,,,,,,,215
NLD00222,2018-07-02,,,,670.0,,,,0.0388245,,0.03160276,8.1,,,,,,NOORDER IJPLAS,52.4241,4.8642,Europe,,,,,,0.04,,,93.0,,,,,,,,,,,,,,,,,,,,,,,,,,,215
NLD00222,2018-08-27,,,,720.0,,,,0.0232947,,0.0112867,8.4,,,,,,NOORDER IJPLAS,52.4241,4.8642,Europe,,,,,,0.06,,,90.0,,,,,,,,,,,,,,,,,,,,,,,,,,,215
NLD00222,2018-09-10,,,,720.0,,,,0.0232947,,0.0112867,9.1,,,,,,NOORDER IJPLAS,52.4241,4.8642,Europe,,,,,,0.04,,,96.0,,,,,,,,,,,,,,,,,,,,,,,,,,,215
NLD00222,2018-09-24,,,,710.0,,,,0.0388245,,0.01805872,5.9,,,,,,NOORDER IJPLAS,52.4241,4.8642,Europe,,,,,,0.04,,,59.0,,,,,,,,,,,,,,,,,,,,,,,,,,,215
NLD00222,2018-10-08,,,,710.0,,,,0.0232947,,0.01580138,8.9,,,,,,NOORDER IJPLAS,52.4241,4.8642,Europe,,,,,,0.04,,,88.0,,,,,,,,,,,,,,,,,,,,,,,,,,,215
NLD00222,2018-10-22,,,,710.0,,,,0.0310596,,0.0112867,7.5,,,,,,NOORDER IJPLAS,52.4241,4.8642,Europe,,,,,,0.04,,,74.0,,,,,,,,,,,,,,,,,,,,,,,,,,,215
NLD00222,2018-11-05,,,,690.0,,,,0.0310596,,0.03837478,8.6,,,,,,NOORDER IJPLAS,52.4241,4.8642,Europe,,,,,,0.04,,,76.0,,,,,,,,,,,,,,,,,,,,,,,,,,,215
NLD00222,2018-12-03,,,,700.0,,,,0.0310596,,0.0451468,11.2,,,,,,NOORDER IJPLAS,52.4241,4.8642,Europe,,,,,,0.04,,,98.0,,,,,,,,,,,,,,,,,,,,,,,,,,,215
NLD00222,2019-01-07,,,,690.0,,,,0.0232947,,0.05869084,9.3,,,,,,NOORDER IJPLAS,52.4241,4.8642,Europe,,,,,,0.04,,,78.0,,,,,,,,,,,,,,,,,,,,,,,,,,,215
NLD00222,2019-03-06,,,,700.0,,,,0.0543543,,0.11060966,11.4,,,,,,NOORDER IJPLAS,52.4241,4.8642,Europe,,,,,,0.04,,,97.0,,,,,,,,,,,,,,,,,,,,,,,,,,,215
NLD00222,2019-03-18,,,,690.0,,,,0.0232947,,0.09255094,10.7,,,,,,NOORDER IJPLAS,52.4241,4.8642,Europe,,,,,,0.05,,,89.0,,,,,,,,,,,,,,,,,,,,,,,,,,,215
NLD00222,2019-04-15,,,,700.0,,,,0.0232947,,0.0112867,9.9,,,,,,NOORDER IJPLAS,52.4241,4.8642,Europe,,,,,,0.05,,,86.0,,,,,,,,,,,,,,,,,,,,,,,,,,,215
NLD00222,2019-05-06,,,,690.0,,,,0.0232947,,0.0112867,9.9,,,,,,NOORDER IJPLAS,52.4241,4.8642,Europe,,,,,,0.03,,,93.0,,,,,,,,,,,,,,,,,,,,,,,,,,,215
NLD00222,2019-06-03,,,,690.0,,,,0.0621192,,0.0112867,8.6,,,,,,NOORDER IJPLAS,52.4241,4.8642,Europe,,,,,,0.05,,,95.0,,,,,,,,,,,,,,,,,,,,,,,,,,,215
NLD00222,2019-07-01,,,,710.0,,,,0.0232947,,0.0112867,8.0,,,,,,NOORDER IJPLAS,52.4241,4.8642,Europe,,,,,,0.01,,,92.0,,,,,,,,,,,,,,,,,,,,,,,,,,,215
NLD00222,2019-07-15,,,,740.0,,,,0.0310596,,0.0112867,8.9,,,,,,NOORDER IJPLAS,52.4241,4.8642,Europe,,,,,,0.04,,,97.0,,,,,,,,,,,,,,,,,,,,,,,,,,,215
NLD00222,2019-08-12,,,,770.0,,,,0.0232947,,0.0112867,7.2,,,,,,NOORDER IJPLAS,52.4241,4.8642,Europe,,,,,,0.04,,,78.0,,,,,,,,,,,,,,,,,,,,,,,,,,,215
NLD00222,2019-08-26,,,,780.0,,,,0.0232947,,0.0112867,8.4,,,,,,NOORDER IJPLAS,52.4241,4.8642,Europe,,,,,,0.03,,,98.0,,,,,,,,,,,,,,,,,,,,,,,,,,,215
NLD00222,2019-09-09,,,,780.0,,,,0.0232947,,0.0112867,8.4,,,,,,NOORDER IJPLAS,52.4241,4.8642,Europe,,,,,,0.02,,,90.0,,,,,,,,,,,,,,,,,,,,,,,,,,,215
NLD00222,2019-10-07,,,,780.0,,,,0.0232947,,0.0112867,7.9,,,,,,NOORDER IJPLAS,52.4241,4.8642,Europe,,,,,,0.03,,,75.0,,,,,,,,,,,,,,,,,,,,,,,,,,,215
NLD00222,2019-10-21,,,,760.0,,,,0.0232947,,0.01354404,9.3,,,,,,NOORDER IJPLAS,52.4241,4.8642,Europe,,,,,,0.03,,,88.0,,,,,,,,,,,,,,,,,,,,,,,,,,,215
NLD00222,2019-11-04,,,,750.0,,,,0.0232947,,0.01580138,9.9,,,,,,NOORDER IJPLAS,52.4241,4.8642,Europe,,,,,,0.02,,,89.0,,,,,,,,,,,,,,,,,,,,,,,,,,,215
NLD00244,2018-01-11,,,,200.0,,,,0.2251821,0.00914634,0.451468,13.5,,,,,,WATERDELEN SCHERMERBOEZEM ZUID,52.4406,4.8245,Europe,,,,,,0.49,,,105.0,0.38,,,,,,,,,,,,,,,,,,,,,,,,,,215
NLD00244,2018-02-06,,,,240.0,,,,0.2251821,0.00914634,0.4966148,10.3,,,,,,WATERDELEN SCHERMERBOEZEM ZUID,52.4406,4.8245,Europe,,,,,,0.5,,,77.0,0.38,,,,,,,,,,,,,,,,,,,,,,,,,,215
NLD00244,2018-03-16,,,,550.0,,,,0.0543543,0.00609756,0.4288946,9.1,,,,,,WATERDELEN SCHERMERBOEZEM ZUID,52.4406,4.8245,Europe,,,,,,0.36,,,75.0,0.22,,,,,,,,,,,,,,,,,,,,,,,,,,215
NLD00244,2018-04-05,,,,310.0,,,,0.1087086,0.00609756,0.4063212,10.6,,,,,,WATERDELEN SCHERMERBOEZEM ZUID,52.4406,4.8245,Europe,,,,,,0.43,,,91.0,0.28,,,,,,,,,,,,,,,,,,,,,,,,,,215
NLD00244,2018-05-04,,,,420.0,,,,0.155298,0.00609756,0.338601,7.1,,,,,,WATERDELEN SCHERMERBOEZEM ZUID,52.4406,4.8245,Europe,,,,,,0.3,,,67.0,0.22,,,,,,,,,,,,,,,,,,,,,,,,,,215
NLD00244,2018-06-08,,,,1200.0,,,,0.1009437,0.00304878,0.1805872,3.6,,,,,,WATERDELEN SCHERMERBOEZEM ZUID,52.4406,4.8245,Europe,,,,,,0.3,,,42.0,0.21,,,,,,,,,,,,,,,,,,,,,,,,,,215
NLD00244,2018-07-03,,,,870.0,,,,0.0621192,0.00304878,0.12641104,5.7,,,,,,WATERDELEN SCHERMERBOEZEM ZUID,52.4406,4.8245,Europe,,,,,,0.32,,,65.0,0.18,,,,,,,,,,,,,,,,,,,,,,,,,,215
NLD00244,2018-08-01,,,,2000.0,,,,0.2873013,0.00609756,0.0112867,4.8,,,,,,WATERDELEN SCHERMERBOEZEM ZUID,52.4406,4.8245,Europe,,,,,,0.48,,,57.0,0.38,,,,,,,,,,,,,,,,,,,,,,,,,,215
NLD00244,2018-09-06,,,,3300.0,,,,0.0621192,0.01219512,0.0112867,5.2,,,,,,WATERDELEN SCHERMERBOEZEM ZUID,52.4406,4.8245,Europe,,,,,,0.46,,,60.0,0.26,,,,,,,,,,,,,,,,,,,,,,,,,,215
NLD00244,2018-10-05,,,,1000.0,,,,0.1630629,0.00304878,0.10383764,7.3,,,,,,WATERDELEN SCHERMERBOEZEM ZUID,52.4406,4.8245,Europe,,,,,,0.38,,,73.0,0.36,,,,,,,,,,,,,,,,,,,,,,,,,,215
NLD00244,2018-11-06,,,,730.0,,,,0.2950662,0.00609756,0.15349912,8.3,,,,,,WATERDELEN SCHERMERBOEZEM ZUID,52.4406,4.8245,Europe,,,,,,0.41,,,75.0,0.35,,,,,,,,,,,,,,,,,,,,,,,,,,215
NLD00244,2018-12-07,,,,500.0,,,,0.2950662,0.00609756,0.225734,10.1,,,,,,WATERDELEN SCHERMERBOEZEM ZUID,52.4406,4.8245,Europe,,,,,,0.36,,,91.0,0.29,,,,,,,,,,,,,,,,,,,,,,,,,,215
NLD00244,2020-01-10,,,,370.0,,,,0.2251821,0.00914634,0.451468,10.6,,,,,,WATERDELEN SCHERMERBOEZEM ZUID,52.4406,4.8245,Europe,,,,,,0.35,,,89.0,0.33,,,,,,,,,,,,,,,,,,,,,,,,,,215
NLD00244,2020-02-05,,,,300.0,,,,0.1630629,0.00609756,0.5191882,10.4,,,,,,WATERDELEN SCHERMERBOEZEM ZUID,52.4406,4.8245,Europe,,,,,,0.43,,,83.0,0.41,,,,,,,,,,,,,,,,,,,,,,,,,,215
NLD00244,2020-03-03,,,,210.0,,,,0.1941225,0.00914634,0.4740414,8.7,,,,,,WATERDELEN SCHERMERBOEZEM ZUID,52.4406,4.8245,Europe,,,,,,0.4,,,73.0,0.3,,,,,,,,,,,,,,,,,,,,,,,,,,215
NLD00244,2020-04-07,,,,590.0,,,,0.0232947,0.00914634,0.4063212,10.6,,,,,,WATERDELEN SCHERMERBOEZEM ZUID,52.4406,4.8245,Europe,,,,,,0.31,,,96.0,0.18,,,,,,,,,,,,,,,,,,,,,,,,,,215
NLD00244,2020-05-12,,,,660.0,,,,0.1242384,0.00304878,0.17832986,8.2,,,,,,WATERDELEN SCHERMERBOEZEM ZUID,52.4406,4.8245,Europe,,,,,,0.24,,,80.0,0.13,,,,,,,,,,,,,,,,,,,,,,,,,,215
NLD00244,2020-06-09,,,,1200.0,,,,0.0232947,0.00304878,0.0112867,10.3,,,,,,WATERDELEN SCHERMERBOEZEM ZUID,52.4406,4.8245,Europe,,,,,,0.13,,,107.0,0.053,,,,,,,,,,,,,,,,,,,,,,,,,,215
NLD00244,2020-07-07,,,,1200.0,,,,0.3416556,0.00914634,0.01354404,7.2,,,,,,WATERDELEN SCHERMERBOEZEM ZUID,52.4406,4.8245,Europe,,,,,,0.43,,,76.0,0.37,,,,,,,,,,,,,,,,,,,,,,,,,,215
NLD00244,2020-08-04,,,,900.0,,,,0.1708278,0.00304878,0.13092572,7.4,,,,,,WATERDELEN SCHERMERBOEZEM ZUID,52.4406,4.8245,Europe,,,,,,0.39,,,83.0,0.31,,,,,,,,,,,,,,,,,,,,,,,,,,215
NLD00244,2020-09-08,,,,600.0,,,,0.2018874,0.01219512,0.1241537,7.1,,,,,,WATERDELEN SCHERMERBOEZEM ZUID,52.4406,4.8245,Europe,,,,,,0.43,,,75.0,0.35,,,,,,,,,,,,,,,,,,,,,,,,,,215
NLD00244,2020-10-05,,,,650.0,,,,0.1397682,0.00609756,0.1580138,7.7,,,,,,WATERDELEN SCHERMERBOEZEM ZUID,52.4406,4.8245,Europe,,,,,,0.36,,,76.0,0.31,,,,,,,,,,,,,,,,,,,,,,,,,,215
NLD00244,2020-11-03,,,,250.0,,,,0.2484768,0.0152439,0.3160276,9.5,,,,,,WATERDELEN SCHERMERBOEZEM ZUID,52.4406,4.8245,Europe,,,,,,0.45,,,88.0,0.35,,,,,,,,,,,,,,,,,,,,,,,,,,215
NLD00244,2020-12-08,,,,350.0,,,,0.2795364,0.01219512,0.4288946,10.5,,,,,,WATERDELEN SCHERMERBOEZEM ZUID,52.4406,4.8245,Europe,,,,,,0.46,,,83.0,0.37,,,,,,,,,,,,,,,,,,,,,,,,,,215
NLD00244,2021-01-07,,,,360.0,,,,0.3416556,0.01219512,0.4966148,,,,,,,WATERDELEN SCHERMERBOEZEM ZUID,52.4406,4.8245,Europe,,,,,,0.44,,,,0.32,,,,,,,,,,,,,,,,,,,,,,,,,,215
NLD00244,2021-02-03,,,,280.0,,,,0.4581291,0.01219512,0.5869084,,,,,,,WATERDELEN SCHERMERBOEZEM ZUID,52.4406,4.8245,Europe,,,,,,0.42,,,,0.29,,,,,,,,,,,,,,,,,,,,,,,,,,215
NLD00244,2021-03-03,,,,450.0,,,,0.2950662,0.01219512,0.5417616,,,,,,,WATERDELEN SCHERMERBOEZEM ZUID,52.4406,4.8245,Europe,,,,,,0.42,,,,0.27,,,,,,,,,,,,,,,,,,,,,,,,,,215
NLD00244,2021-04-06,,,,610.0,,,,0.0543543,0.00609756,0.4966148,,,,,,,WATERDELEN SCHERMERBOEZEM ZUID,52.4406,4.8245,Europe,,,,,,0.25,,,,0.2,,,,,,,,,,,,,,,,,,,,,,,,,,215
NLD00244,2021-05-05,,,,800.0,,,,0.077649,0.00304878,0.338601,,,,,,,WATERDELEN SCHERMERBOEZEM ZUID,52.4406,4.8245,Europe,,,,,,0.22,,,,0.17,,,,,,,,,,,,,,,,,,,,,,,,,,215
NLD00244,2021-06-03,,,,680.0,,,,0.1164735,0.00609756,0.21896198,,,,,,,WATERDELEN SCHERMERBOEZEM ZUID,52.4406,4.8245,Europe,,,,,,0.23,,,,0.17,,,,,,,,,,,,,,,,,,,,,,,,,,215
NLD00244,2021-07-07,,,,600.0,,,,0.2795364,0.01829268,0.19413124,,,,,,,WATERDELEN SCHERMERBOEZEM ZUID,52.4406,4.8245,Europe,,,,,,0.42,,,,0.41,,,,,,,,,,,,,,,,,,,,,,,,,,215
NLD00244,2021-08-05,,,,590.0,,,,0.1785927,0.00914634,0.18510188,,,,,,,WATERDELEN SCHERMERBOEZEM ZUID,52.4406,4.8245,Europe,,,,,,0.48,,,,0.43,,,,,,,,,,,,,,,,,,,,,,,,,,215
NLD00244,2021-09-03,,,,840.0,,,,0.0621192,0.00304878,0.112867,,,,,,,WATERDELEN SCHERMERBOEZEM ZUID,52.4406,4.8245,Europe,,,,,,0.5,,,,0.38,,,,,,,,,,,,,,,,,,,,,,,,,,215
NLD00244,2021-10-08,,,,360.0,,,,0.1708278,0.00609756,0.05191882,,,,,,,WATERDELEN SCHERMERBOEZEM ZUID,52.4406,4.8245,Europe,,,,,,0.48,,,,0.43,,,,,,,,,,,,,,,,,,,,,,,,,,215
NLD00244,2021-11-04,,,,240.0,,,,0.3338907,0.01219512,0.20767528,,,,,,,WATERDELEN SCHERMERBOEZEM ZUID,52.4406,4.8245,Europe,,,,,,0.61,,,,0.51,,,,,,,,,,,,,,,,,,,,,,,,,,215
NLD00244,2021-12-02,,,,260.0,,,,0.4193046,0.01219512,0.338601,,,,,,,WATERDELEN SCHERMERBOEZEM ZUID,52.4406,4.8245,Europe,,,,,,0.59,,,,0.51,,,,,,,,,,,,,,,,,,,,,,,,,,215
NLD00257,2018-01-11,,,,280.0,,,,0.2950662,0.00609756,0.2934542,12.2,,,,,,WATERRIJK POLDER WESTZAAN,52.4365,4.8216,Europe,,,,,,0.38,,,92.0,0.23,,,,,,,,,,,,,,,,,,,,,,,,,,215
NLD00257,2018-02-06,,,,200.0,,,,0.4270695,0.00914634,0.4288946,7.6,,,,,,WATERRIJK POLDER WESTZAAN,52.4365,4.8216,Europe,,,,,,0.35,,,56.0,0.21,,,,,,,,,,,,,,,,,,,,,,,,,,215
NLD00257,2018-03-16,,,,580.0,,,,0.1320033,0.00609756,0.3160276,8.2,,,,,,WATERRIJK POLDER WESTZAAN,52.4365,4.8216,Europe,,,,,,0.31,,,69.0,0.12,,,,,,,,,,,,,,,,,,,,,,,,,,215
NLD00257,2018-04-05,,,,490.0,,,,0.2950662,0.00914634,0.2934542,7.5,,,,,,WATERRIJK POLDER WESTZAAN,52.4365,4.8216,Europe,,,,,,0.28,,,66.0,0.13,,,,,,,,,,,,,,,,,,,,,,,,,,215
NLD00257,2018-05-04,,,,670.0,,,,0.1941225,0.00914634,0.17381518,7.3,,,,,,WATERRIJK POLDER WESTZAAN,52.4365,4.8216,Europe,,,,,,0.59,,,68.0,0.085,,,,,,,,,,,,,,,,,,,,,,,,,,215
NLD00257,2018-06-08,,,,1000.0,,,,0.3727152,0.01219512,0.01805872,1.5,,,,,,WATERRIJK POLDER WESTZAAN,52.4365,4.8216,Europe,,,,,,0.65,,,18.0,0.42,,,,,,,,,,,,,,,,,,,,,,,,,,215
NLD00257,2018-07-03,,,,1200.0,,,,0.0854139,0.00304878,0.0112867,6.8,,,,,,WATERRIJK POLDER WESTZAAN,52.4365,4.8216,Europe,,,,,,0.38,,,76.0,0.18,,,,,,,,,,,,,,,,,,,,,,,,,,215
NLD00257,2018-08-01,,,,2000.0,,,,0.1320033,0.00304878,0.0112867,6.4,,,,,,WATERRIJK POLDER WESTZAAN,52.4365,4.8216,Europe,,,,,,0.84,,,75.0,0.61,,,,,,,,,,,,,,,,,,,,,,,,,,215
NLD00257,2018-09-06,,,,1100.0,,,,0.2562417,0.00304878,0.0112867,3.9,,,,,,WATERRIJK POLDER WESTZAAN,52.4365,4.8216,Europe,,,,,,0.54,,,43.0,0.38,,,,,,,,,,,,,,,,,,,,,,,,,,215
NLD00257,2018-10-05,,,,840.0,,,,0.232947,0.00914634,0.11963902,6.1,,,,,,WATERRIJK POLDER WESTZAAN,52.4365,4.8216,Europe,,,,,,0.34,,,58.0,0.23,,,,,,,,,,,,,,,,,,,,,,,,,,215
NLD00257,2018-11-06,,,,830.0,,,,0.4581291,0.00914634,0.1467271,4.8,,,,,,WATERRIJK POLDER WESTZAAN,52.4365,4.8216,Europe,,,,,,0.37,,,42.0,0.23,,,,,,,,,,,,,,,,,,,,,,,,,,215
NLD00257,2018-12-07,,,,830.0,,,,0.2873013,0.00609756,0.19864592,8.0,,,,,,WATERRIJK POLDER WESTZAAN,52.4365,4.8216,Europe,,,,,,0.29,,,72.0,0.19,,,,,,,,,,,,,,,,,,,,,,,,,,215
NLD00257,2019-01-11,,,,560.0,,,,0.2484768,0.00914634,0.3160276,7.3,,,,,,WATERRIJK POLDER WESTZAAN,52.4365,4.8216,Europe,,,,,,0.28,,,58.0,0.19,,,,,,,,,,,,,,,,,,,,,,,,,,215
NLD00257,2019-02-08,,,,440.0,,,,0.4503642,0.00914634,0.451468,7.8,,,,,,WATERRIJK POLDER WESTZAAN,52.4365,4.8216,Europe,,,,,,0.29,,,62.0,0.11,,,,,,,,,,,,,,,,,,,,,,,,,,215
NLD00257,2019-03-07,,,,380.0,,,,0.1863576,0.00609756,0.2483074,8.1,,,,,,WATERRIJK POLDER WESTZAAN,52.4365,4.8216,Europe,,,,,,0.23,,,71.0,0.087,,,,,,,,,,,,,,,,,,,,,,,,,,215
NLD00257,2019-04-03,,,,310.0,,,,0.2174172,0.00609756,0.19638858,7.7,,,,,,WATERRIJK POLDER WESTZAAN,52.4365,4.8216,Europe,,,,,,0.2,,,69.0,0.057,,,,,,,,,,,,,,,,,,,,,,,,,,215
NLD00257,2019-05-10,,,,600.0,,,,0.3416556,0.00914634,0.11060966,5.0,,,,,,WATERRIJK POLDER WESTZAAN,52.4365,4.8216,Europe,,,,,,0.23,,,47.0,0.075,,,,,,,,,,,,,,,,,,,,,,,,,,215
NLD00257,2019-06-07,,,,580.0,,,,0.4115397,0.00914634,0.03837478,5.4,,,,,,WATERRIJK POLDER WESTZAAN,52.4365,4.8216,Europe,,,,,,0.42,,,57.0,0.17,,,,,,,,,,,,,,,,,,,,,,,,,,215
NLD00257,2019-07-05,,,,750.0,,,,0.0232947,0.00304878,0.0112867,7.7,,,,,,WATERRIJK POLDER WESTZAAN,52.4365,4.8216,Europe,,,,,,0.55,,,86.0,0.36,,,,,,,,,,,,,,,,,,,,,,,,,,215
NLD00257,2019-08-09,,,,1300.0,,,,0.0465894,0.00914634,0.01354404,7.6,,,,,,WATERRIJK POLDER WESTZAAN,52.4365,4.8216,Europe,,,,,,0.69,,,86.0,0.55,,,,,,,,,,,,,,,,,,,,,,,,,,215
NLD00257,2019-09-10,,,,1300.0,,,,0.2018874,0.01219512,0.10835232,5.3,,,,,,WATERRIJK POLDER WESTZAAN,52.4365,4.8216,Europe,,,,,,0.47,,,53.0,0.38,,,,,,,,,,,,,,,,,,,,,,,,,,215
NLD00257,2019-10-11,,,,250.0,,,,0.6522516,0.0152439,0.10835232,4.9,,,,,,WATERRIJK POLDER WESTZAAN,52.4365,4.8216,Europe,,,,,,0.36,,,47.0,0.13,,,,,,,,,,,,,,,,,,,,,,,,,,215
NLD00257,2019-11-08,,,,290.0,,,,0.4503642,0.01219512,0.20090326,4.7,,,,,,WATERRIJK POLDER WESTZAAN,52.4365,4.8216,Europe,,,,,,0.4,,,41.0,0.2,,,,,,,,,,,,,,,,,,,,,,,,,,215
NLD00257,2019-12-06,,,,380.0,,,,0.4503642,0.01219512,0.2934542,7.8,,,,,,WATERRIJK POLDER WESTZAAN,52.4365,4.8216,Europe,,,,,,0.43,,,63.0,0.23,,,,,,,,,,,,,,,,,,,,,,,,,,215
NLD00257,2020-01-10,,,,370.0,,,,0.3649503,0.00914634,0.3611744,8.5,,,,,,WATERRIJK POLDER WESTZAAN,52.4365,4.8216,Europe,,,,,,0.27,,,73.0,0.16,,,,,,,,,,,,,,,,,,,,,,,,,,215
NLD00257,2020-02-05,,,,460.0,,,,0.1941225,0.00609756,0.338601,7.3,,,,,,WATERRIJK POLDER WESTZAAN,52.4365,4.8216,Europe,,,,,,0.25,,,59.0,0.15,,,,,,,,,,,,,,,,,,,,,,,,,,215
NLD00257,2020-03-03,,,,170.0,,,,0.2174172,0.00609756,0.338601,7.2,,,,,,WATERRIJK POLDER WESTZAAN,52.4365,4.8216,Europe,,,,,,0.28,,,60.0,0.18,,,,,,,,,,,,,,,,,,,,,,,,,,215
NLD00257,2020-04-07,,,,490.0,,,,0.0465894,0.00609756,0.17832986,9.6,,,,,,WATERRIJK POLDER WESTZAAN,52.4365,4.8216,Europe,,,,,,0.21,,,86.0,0.069,,,,,,,,,,,,,,,,,,,,,,,,,,215
NLD00257,2020-05-12,,,,650.0,,,,0.0388245,0.00304878,0.0112867,8.4,,,,,,WATERRIJK POLDER WESTZAAN,52.4365,4.8216,Europe,,,,,,0.38,,,76.0,0.068,,,,,,,,,,,,,,,,,,,,,,,,,,215
NLD00257,2020-06-09,,,,860.0,,,,0.2484768,0.00609756,0.01580138,4.7,,,,,,WATERRIJK POLDER WESTZAAN,52.4365,4.8216,Europe,,,,,,0.34,,,47.0,0.14,,,,,,,,,,,,,,,,,,,,,,,,,,215
NLD00257,2020-07-07,,,,780.0,,,,0.4581291,0.02439024,0.08577892,5.9,,,,,,WATERRIJK POLDER WESTZAAN,52.4365,4.8216,Europe,,,,,,0.51,,,60.0,0.29,,,,,,,,,,,,,,,,,,,,,,,,,,215
NLD00257,2020-08-04,,,,560.0,,,,0.1708278,0.00609756,0.02483074,6.5,,,,,,WATERRIJK POLDER WESTZAAN,52.4365,4.8216,Europe,,,,,,0.7,,,72.0,0.41,,,,,,,,,,,,,,,,,,,,,,,,,,215
NLD00257,2020-09-18,,,,590.0,,,,0.1164735,0.00609756,0.09255094,6.3,,,,,,WATERRIJK POLDER WESTZAAN,52.4365,4.8216,Europe,,,,,,0.37,,,62.0,0.21,,,,,,,,,,,,,,,,,,,,,,,,,,215
NLD00257,2020-10-20,,,,310.0,,,,0.4814238,0.0152439,0.16252848,5.9,,,,,,WATERRIJK POLDER WESTZAAN,52.4365,4.8216,Europe,,,,,,0.41,,,53.0,0.26,,,,,,,,,,,,,,,,,,,,,,,,,,215
NLD00257,2020-11-03,,,,220.0,,,,0.3416556,0.0152439,0.21896198,6.1,,,,,,WATERRIJK POLDER WESTZAAN,52.4365,4.8216,Europe,,,,,,0.34,,,55.0,0.16,,,,,,,,,,,,,,,,,,,,,,,,,,215
NLD00257,2020-12-08,,,,350.0,,,,0.3727152,0.00914634,0.3160276,8.5,,,,,,WATERRIJK POLDER WESTZAAN,52.4365,4.8216,Europe,,,,,,0.38,,,66.0,0.22,,,,,,,,,,,,,,,,,,,,,,,,,,215
NLD00257,2021-01-13,,,,210.0,,,,0.4581291,0.00914634,0.4063212,,,,,,,WATERRIJK POLDER WESTZAAN,52.4365,4.8216,Europe,,,,,,0.36,,,,0.16,,,,,,,,,,,,,,,,,,,,,,,,,,215
NLD00257,2021-02-03,,,,190.0,,,,0.3571854,0.00914634,0.4740414,,,,,,,WATERRIJK POLDER WESTZAAN,52.4365,4.8216,Europe,,,,,,0.38,,,,0.2,,,,,,,,,,,,,,,,,,,,,,,,,,215
NLD00257,2021-03-10,,,,360.0,,,,0.0621192,0.00609756,0.338601,,,,,,,WATERRIJK POLDER WESTZAAN,52.4365,4.8216,Europe,,,,,,0.28,,,,0.081,,,,,,,,,,,,,,,,,,,,,,,,,,215
NLD00257,2021-04-09,,,,310.0,,,,0.0310596,0.00304878,0.06320552,,,,,,,WATERRIJK POLDER WESTZAAN,52.4365,4.8216,Europe,,,,,,0.2,,,,0.071,,,,,,,,,,,,,,,,,,,,,,,,,,215
NLD00257,2021-06-10,,,,530.0,,,,0.2950662,0.00914634,0.02708808,,,,,,,WATERRIJK POLDER WESTZAAN,52.4365,4.8216,Europe,,,,,,0.48,,,,0.26,,,,,,,,,,,,,,,,,,,,,,,,,,215
NLD00257,2021-07-08,,,,280.0,,,,0.6289569,0.02439024,0.04063212,,,,,,,WATERRIJK POLDER WESTZAAN,52.4365,4.8216,Europe,,,,,,0.64,,,,0.37,,,,,,,,,,,,,,,,,,,,,,,,,,215
NLD00257,2021-08-11,,,,360.0,,,,0.3649503,0.01219512,0.04966148,,,,,,,WATERRIJK POLDER WESTZAAN,52.4365,4.8216,Europe,,,,,,0.41,,,,0.23,,,,,,,,,,,,,,,,,,,,,,,,,,215
NLD00257,2021-09-10,,,,500.0,,,,0.0465894,0.00304878,0.0112867,,,,,,,WATERRIJK POLDER WESTZAAN,52.4365,4.8216,Europe,,,,,,0.39,,,,0.17,,,,,,,,,,,,,,,,,,,,,,,,,,215
NLD00257,2021-10-08,,,,350.0,,,,0.2950662,0.00914634,0.09480828,,,,,,,WATERRIJK POLDER WESTZAAN,52.4365,4.8216,Europe,,,,,,0.28,,,,0.12,,,,,,,,,,,,,,,,,,,,,,,,,,215
NLD00257,2021-11-10,,,,240.0,,,,0.5280132,0.02743902,0.14446976,,,,,,,WATERRIJK POLDER WESTZAAN,52.4365,4.8216,Europe,,,,,,0.4,,,,0.21,,,,,,,,,,,,,,,,,,,,,,,,,,215
NLD00257,2021-12-02,,,,190.0,,,,0.77649,0.0152439,0.1805872,,,,,,,WATERRIJK POLDER WESTZAAN,52.4365,4.8216,Europe,,,,,,0.43,,,,0.11,,,,,,,,,,,,,,,,,,,,,,,,,,215
NLD00264,2018-01-11,,,,120.0,,,,0.4270695,0.00304878,0.2708808,15.1,,,,,,WATERRIJK WATERLAND,52.4434,5.0482,Europe,,,,,,0.4,,,112.0,0.13,,,,,,,,,,,,,,,,,,,,,,,,,,215
NLD00264,2018-02-06,,,,150.0,,,,0.2640066,0.00304878,0.2708808,12.4,,,,,,WATERRIJK WATERLAND,52.4434,5.0482,Europe,,,,,,0.43,,,89.0,0.13,,,,,,,,,,,,,,,,,,,,,,,,,,215
NLD00264,2018-03-16,,,,170.0,,,,0.0388245,0.00304878,0.0112867,9.6,,,,,,WATERRIJK WATERLAND,52.4434,5.0482,Europe,,,,,,0.47,,,79.0,0.045,,,,,,,,,,,,,,,,,,,,,,,,,,215
NLD00264,2018-04-05,,,,190.0,,,,0.1397682,0.00304878,0.02031606,9.8,,,,,,WATERRIJK WATERLAND,52.4434,5.0482,Europe,,,,,,0.52,,,85.0,0.045,,,,,,,,,,,,,,,,,,,,,,,,,,215
NLD00264,2018-05-04,,,,220.0,,,,0.0232947,0.00304878,0.0112867,10.8,,,,,,WATERRIJK WATERLAND,52.4434,5.0482,Europe,,,,,,0.49,,,103.0,0.015,,,,,,,,,,,,,,,,,,,,,,,,,,215
NLD00264,2018-06-08,,,,350.0,,,,0.0232947,0.00304878,0.0112867,4.8,,,,,,WATERRIJK WATERLAND,52.4434,5.0482,Europe,,,,,,0.45,,,55.0,0.086,,,,,,,,,,,,,,,,,,,,,,,,,,215
NLD00264,2018-07-03,,,,400.0,,,,0.0232947,0.00304878,0.0112867,6.1,,,,,,WATERRIJK WATERLAND,52.4434,5.0482,Europe,,,,,,0.38,,,67.0,0.023,,,,,,,,,,,,,,,,,,,,,,,,,,215
NLD00264,2018-08-01,,,,290.0,,,,0.0232947,0.00304878,0.0112867,8.0,,,,,,WATERRIJK WATERLAND,52.4434,5.0482,Europe,,,,,,0.59,,,92.0,0.069,,,,,,,,,,,,,,,,,,,,,,,,,,215
NLD00264,2018-09-06,,,,780.0,,,,0.0621192,0.00304878,0.01580138,6.0,,,,,,WATERRIJK WATERLAND,52.4434,5.0482,Europe,,,,,,0.42,,,66.0,0.12,,,,,,,,,,,,,,,,,,,,,,,,,,215
NLD00264,2018-10-05,,,,820.0,,,,0.0388245,0.00304878,0.0112867,9.0,,,,,,WATERRIJK WATERLAND,52.4434,5.0482,Europe,,,,,,0.44,,,87.0,0.11,,,,,,,,,,,,,,,,,,,,,,,,,,215
NLD00264,2018-11-06,,,,720.0,,,,0.0232947,0.00609756,0.0112867,13.2,,,,,,WATERRIJK WATERLAND,52.4434,5.0482,Europe,,,,,,0.5,,,114.0,0.21,,,,,,,,,,,,,,,,,,,,,,,,,,215
NLD00264,2018-12-07,,,,710.0,,,,0.232947,0.00609756,0.02934542,10.8,,,,,,WATERRIJK WATERLAND,52.4434,5.0482,Europe,,,,,,0.29,,,99.0,0.024,,,,,,,,,,,,,,,,,,,,,,,,,,215
NLD00264,2019-01-08,,,,450.0,,,,0.3261258,0.01829268,0.338601,10.3,,,,,,WATERRIJK WATERLAND,52.4434,5.0482,Europe,,,,,,0.63,,,84.0,0.025,,,,,,,,,,,,,,,,,,,,,,,,,,215
NLD00264,2019-02-08,,,,400.0,,,,0.2251821,0.00609756,0.3160276,8.3,,,,,,WATERRIJK WATERLAND,52.4434,5.0482,Europe,,,,,,0.38,,,69.0,0.019,,,,,,,,,,,,,,,,,,,,,,,,,,215
NLD00264,2019-03-06,,,,350.0,,,,0.0232947,0.00304878,0.01805872,10.7,,,,,,WATERRIJK WATERLAND,52.4434,5.0482,Europe,,,,,,0.28,,,93.0,0.005,,,,,,,,,,,,,,,,,,,,,,,,,,215
NLD00264,2019-04-04,,,,280.0,,,,0.0232947,0.00304878,0.0112867,9.3,,,,,,WATERRIJK WATERLAND,52.4434,5.0482,Europe,,,,,,0.34,,,92.0,0.005,,,,,,,,,,,,,,,,,,,,,,,,,,215
NLD00264,2019-05-06,,,,410.0,,,,0.0232947,0.00304878,0.0112867,10.2,,,,,,WATERRIJK WATERLAND,52.4434,5.0482,Europe,,,,,,0.34,,,93.0,0.005,,,,,,,,,,,,,,,,,,,,,,,,,,215
NLD00264,2019-06-11,,,,390.0,,,,0.0310596,0.00304878,0.0112867,10.1,,,,,,WATERRIJK WATERLAND,52.4434,5.0482,Europe,,,,,,0.42,,,112.0,0.006,,,,,,,,,,,,,,,,,,,,,,,,,,215
NLD00264,2019-07-04,,,,380.0,,,,0.0310596,0.00304878,0.0112867,6.9,,,,,,WATERRIJK WATERLAND,52.4434,5.0482,Europe,,,,,,0.67,,,71.0,0.056,,,,,,,,,,,,,,,,,,,,,,,,,,215
NLD00264,2019-08-06,,,,350.0,,,,0.0310596,0.00304878,0.0112867,7.3,,,,,,WATERRIJK WATERLAND,52.4434,5.0482,Europe,,,,,,0.64,,,81.0,0.065,,,,,,,,,,,,,,,,,,,,,,,,,,215
NLD00264,2019-09-20,,,,470.0,,,,0.0232947,0.00304878,0.0112867,12.2,,,,,,WATERRIJK WATERLAND,52.4434,5.0482,Europe,,,,,,0.47,,,123.0,0.069,,,,,,,,,,,,,,,,,,,,,,,,,,215
NLD00264,2019-10-02,,,,560.0,,,,0.310596,0.01219512,0.1805872,6.6,,,,,,WATERRIJK WATERLAND,52.4434,5.0482,Europe,,,,,,0.38,,,66.0,0.11,,,,,,,,,,,,,,,,,,,,,,,,,,215
NLD00264,2019-11-04,,,,300.0,,,,0.0465894,0.00609756,0.02031606,10.0,,,,,,WATERRIJK WATERLAND,52.4434,5.0482,Europe,,,,,,0.51,,,93.0,0.1,,,,,,,,,,,,,,,,,,,,,,,,,,215
NLD00264,2019-12-05,,,,230.0,,,,0.4193046,0.00609756,0.14221242,10.3,,,,,,WATERRIJK WATERLAND,52.4434,5.0482,Europe,,,,,,0.39,,,78.0,0.18,,,,,,,,,,,,,,,,,,,,,,,,,,215
NLD00264,2020-01-27,,,,220.0,,,,0.2096523,0.00609756,0.225734,11.3,,,,,,WATERRIJK WATERLAND,52.4434,5.0482,Europe,,,,,,0.37,,,92.0,0.12,,,,,,,,,,,,,,,,,,,,,,,,,,215
NLD00264,2020-02-24,,,,170.0,,,,0.2484768,0.00609756,0.2483074,10.2,,,,,,WATERRIJK WATERLAND,52.4434,5.0482,Europe,,,,,,0.5,,,83.0,0.07,,,,,,,,,,,,,,,,,,,,,,,,,,215
NLD00264,2020-03-25,,,,160.0,,,,0.0232947,0.00304878,0.1241537,10.4,,,,,,WATERRIJK WATERLAND,52.4434,5.0482,Europe,,,,,,0.34,,,82.0,0.045,,,,,,,,,,,,,,,,,,,,,,,,,,215
NLD00264,2020-04-23,,,,270.0,,,,0.0232947,0.00304878,0.0112867,10.1,,,,,,WATERRIJK WATERLAND,52.4434,5.0482,Europe,,,,,,0.32,,,94.0,0.006,,,,,,,,,,,,,,,,,,,,,,,,,,215
NLD00264,2020-05-27,,,,340.0,,,,0.0232947,0.00304878,0.0112867,10.6,,,,,,WATERRIJK WATERLAND,52.4434,5.0482,Europe,,,,,,0.32,,,106.0,0.009,,,,,,,,,,,,,,,,,,,,,,,,,,215
NLD00264,2020-06-23,,,,300.0,,,,0.0698841,0.00304878,0.0112867,6.7,,,,,,WATERRIJK WATERLAND,52.4434,5.0482,Europe,,,,,,0.34,,,75.0,0.018,,,,,,,,,,,,,,,,,,,,,,,,,,215
NLD00264,2020-07-16,,,,450.0,,,,0.0232947,0.00304878,0.0112867,8.2,,,,,,WATERRIJK WATERLAND,52.4434,5.0482,Europe,,,,,,0.31,,,89.0,0.019,,,,,,,,,,,,,,,,,,,,,,,,,,215
NLD00264,2020-08-20,,,,460.0,,,,0.0232947,0.00304878,0.0112867,8.9,,,,,,WATERRIJK WATERLAND,52.4434,5.0482,Europe,,,,,,0.56,,,103.0,0.026,,,,,,,,,,,,,,,,,,,,,,,,,,215
NLD00264,2020-09-25,,,,430.0,,,,0.0232947,0.00304878,0.0112867,8.3,,,,,,WATERRIJK WATERLAND,52.4434,5.0482,Europe,,,,,,0.49,,,80.0,0.065,,,,,,,,,,,,,,,,,,,,,,,,,,215
NLD00264,2020-10-28,,,,320.0,,,,0.854139,0.02134146,0.1241537,9.4,,,,,,WATERRIJK WATERLAND,52.4434,5.0482,Europe,,,,,,0.39,,,84.0,0.12,,,,,,,,,,,,,,,,,,,,,,,,,,215
NLD00264,2020-11-23,,,,310.0,,,,0.3727152,0.00914634,0.15349912,10.65,,,,,,WATERRIJK WATERLAND,52.4434,5.0482,Europe,,,,,,0.38,,,87.2,0.12,,,,,,,,,,,,,,,,,,,,,,,,,,215
NLD00264,2020-12-23,,,,230.0,,,,0.6367218,0.00914634,0.22121932,9.5,,,,,,WATERRIJK WATERLAND,52.4434,5.0482,Europe,,,,,,0.41,,,81.0,0.09,,,,,,,,,,,,,,,,,,,,,,,,,,215
NLD00264,2021-01-13,,,,170.0,,,,0.6677814,0.00609756,0.2483074,,,,,,,WATERRIJK WATERLAND,52.4434,5.0482,Europe,,,,,,0.42,,,,0.13,,,,,,,,,,,,,,,,,,,,,,,,,,215
NLD00264,2021-02-03,,,,160.0,,,,0.5047185,0.00304878,0.2708808,,,,,,,WATERRIJK WATERLAND,52.4434,5.0482,Europe,,,,,,0.41,,,,0.14,,,,,,,,,,,,,,,,,,,,,,,,,,215
NLD00264,2021-03-10,,,,170.0,,,,0.0388245,0.00304878,0.17155784,,,,,,,WATERRIJK WATERLAND,52.4434,5.0482,Europe,,,,,,0.31,,,,0.044,,,,,,,,,,,,,,,,,,,,,,,,,,215
NLD00264,2021-04-09,,,,230.0,,,,0.0232947,0.00304878,0.0112867,,,,,,,WATERRIJK WATERLAND,52.4434,5.0482,Europe,,,,,,0.3,,,,0.008,,,,,,,,,,,,,,,,,,,,,,,,,,215
NLD00264,2021-05-10,,,,360.0,,,,0.0232947,0.00304878,0.0112867,,,,,,,WATERRIJK WATERLAND,52.4434,5.0482,Europe,,,,,,0.34,,,,0.005,,,,,,,,,,,,,,,,,,,,,,,,,,215
NLD00264,2021-06-10,,,,230.0,,,,0.0232947,0.00304878,0.0112867,,,,,,,WATERRIJK WATERLAND,52.4434,5.0482,Europe,,,,,,0.48,,,,0.028,,,,,,,,,,,,,,,,,,,,,,,,,,215
NLD00264,2021-07-08,,,,240.0,,,,0.0232947,0.00304878,0.0112867,,,,,,,WATERRIJK WATERLAND,52.4434,5.0482,Europe,,,,,,0.5,,,,0.062,,,,,,,,,,,,,,,,,,,,,,,,,,215
NLD00264,2021-08-11,,,,300.0,,,,0.0232947,0.00304878,0.0112867,,,,,,,WATERRIJK WATERLAND,52.4434,5.0482,Europe,,,,,,0.5,,,,0.048,,,,,,,,,,,,,,,,,,,,,,,,,,215
NLD00264,2021-09-10,,,,300.0,,,,0.0232947,0.00304878,0.0112867,,,,,,,WATERRIJK WATERLAND,52.4434,5.0482,Europe,,,,,,1.1,,,,0.34,,,,,,,,,,,,,,,,,,,,,,,,,,215
NLD00264,2021-10-08,,,,320.0,,,,0.077649,0.00304878,0.01354404,,,,,,,WATERRIJK WATERLAND,52.4434,5.0482,Europe,,,,,,0.52,,,,0.19,,,,,,,,,,,,,,,,,,,,,,,,,,215
NLD00264,2021-11-10,,,,220.0,,,,0.5357781,0.01219512,0.09255094,,,,,,,WATERRIJK WATERLAND,52.4434,5.0482,Europe,,,,,,0.52,,,,0.21,,,,,,,,,,,,,,,,,,,,,,,,,,215
NLD00264,2021-12-02,,,,200.0,,,,0.77649,0.00914634,0.1467271,,,,,,,WATERRIJK WATERLAND,52.4434,5.0482,Europe,,,,,,0.63,,,,0.24,,,,,,,,,,,,,,,,,,,,,,,,,,215
NLD00265,2018-01-11,,,,160.0,,,,1.009437,0.00304878,0.225734,12.4,,,,,,WATERRIJK WATERLAND,52.4796,4.9391,Europe,,,,,,0.79,,,95.0,0.53,,,,,,,,,,,,,,,,,,,,,,,,,,215
NLD00265,2018-02-06,,,,240.0,,,,1.320033,0.00609756,0.18284454,10.8,,,,,,WATERRIJK WATERLAND,52.4796,4.9391,Europe,,,,,,1.2,,,75.0,0.83,,,,,,,,,,,,,,,,,,,,,,,,,,215
NLD00265,2018-03-16,,,,300.0,,,,0.0232947,0.00304878,0.01580138,11.1,,,,,,WATERRIJK WATERLAND,52.4796,4.9391,Europe,,,,,,1.1,,,91.0,0.38,,,,,,,,,,,,,,,,,,,,,,,,,,215
NLD00265,2018-04-05,,,,190.0,,,,0.5047185,0.01219512,0.16704316,9.9,,,,,,WATERRIJK WATERLAND,52.4796,4.9391,Europe,,,,,,1.4,,,84.0,0.64,,,,,,,,,,,,,,,,,,,,,,,,,,215
NLD00265,2018-05-04,,,,160.0,,,,0.0232947,0.00304878,0.0112867,12.5,,,,,,WATERRIJK WATERLAND,52.4796,4.9391,Europe,,,,,,0.65,,,126.0,0.2,,,,,,,,,,,,,,,,,,,,,,,,,,215
NLD00265,2018-06-08,,,,280.0,,,,0.0310596,0.00914634,0.0112867,3.4,,,,,,WATERRIJK WATERLAND,52.4796,4.9391,Europe,,,,,,0.57,,,40.0,0.24,,,,,,,,,,,,,,,,,,,,,,,,,,215
NLD00265,2018-07-03,,,,560.0,,,,0.0232947,0.00304878,0.0112867,6.0,,,,,,WATERRIJK WATERLAND,52.4796,4.9391,Europe,,,,,,0.38,,,67.0,0.15,,,,,,,,,,,,,,,,,,,,,,,,,,215
NLD00265,2018-08-07,,,,490.0,,,,0.0232947,0.00304878,0.0112867,8.9,,,,,,WATERRIJK WATERLAND,52.4796,4.9391,Europe,,,,,,0.6,,,118.0,0.39,,,,,,,,,,,,,,,,,,,,,,,,,,215
NLD00265,2018-09-06,,,,820.0,,,,0.0388245,0.00304878,0.0112867,5.3,,,,,,WATERRIJK WATERLAND,52.4796,4.9391,Europe,,,,,,0.54,,,58.0,0.21,,,,,,,,,,,,,,,,,,,,,,,,,,215
NLD00265,2018-10-05,,,,750.0,,,,0.0465894,0.00304878,0.0112867,8.5,,,,,,WATERRIJK WATERLAND,52.4796,4.9391,Europe,,,,,,0.47,,,82.0,0.26,,,,,,,,,,,,,,,,,,,,,,,,,,215
NLD00265,2018-11-06,,,,540.0,,,,0.2096523,0.01219512,0.1580138,11.7,,,,,,WATERRIJK WATERLAND,52.4796,4.9391,Europe,,,,,,0.43,,,101.0,0.16,,,,,,,,,,,,,,,,,,,,,,,,,,215
NLD00265,2018-12-07,,,,520.0,,,,1.009437,0.0152439,0.2483074,10.4,,,,,,WATERRIJK WATERLAND,52.4796,4.9391,Europe,,,,,,0.61,,,97.0,0.36,,,,,,,,,,,,,,,,,,,,,,,,,,215
NLD00265,2019-01-11,,,,360.0,,,,1.475331,0.01829268,0.3160276,11.2,,,,,,WATERRIJK WATERLAND,52.4796,4.9391,Europe,,,,,,0.45,,,88.0,0.29,,,,,,,,,,,,,,,,,,,,,,,,,,215
NLD00265,2019-02-08,,,,270.0,,,,1.087086,0.0152439,0.451468,10.4,,,,,,WATERRIJK WATERLAND,52.4796,4.9391,Europe,,,,,,0.66,,,85.0,0.3,,,,,,,,,,,,,,,,,,,,,,,,,,215
NLD00265,2019-03-07,,,,420.0,,,,0.2562417,0.00914634,0.15575646,10.9,,,,,,WATERRIJK WATERLAND,52.4796,4.9391,Europe,,,,,,0.9,,,97.0,0.31,,,,,,,,,,,,,,,,,,,,,,,,,,215
NLD00265,2019-04-03,,,,270.0,,,,0.0232947,0.00304878,0.0112867,8.3,,,,,,WATERRIJK WATERLAND,52.4796,4.9391,Europe,,,,,,0.74,,,74.0,0.31,,,,,,,,,,,,,,,,,,,,,,,,,,215
NLD00265,2019-05-10,,,,400.0,,,,0.0232947,0.00304878,0.0112867,7.7,,,,,,WATERRIJK WATERLAND,52.4796,4.9391,Europe,,,,,,0.59,,,76.0,0.19,,,,,,,,,,,,,,,,,,,,,,,,,,215
NLD00265,2019-06-07,,,,440.0,,,,0.0232947,0.00304878,0.0112867,9.5,,,,,,WATERRIJK WATERLAND,52.4796,4.9391,Europe,,,,,,0.91,,,102.0,0.34,,,,,,,,,,,,,,,,,,,,,,,,,,215
NLD00265,2019-07-05,,,,310.0,,,,0.0232947,0.00304878,0.0112867,9.0,,,,,,WATERRIJK WATERLAND,52.4796,4.9391,Europe,,,,,,0.6,,,103.0,0.23,,,,,,,,,,,,,,,,,,,,,,,,,,215
NLD00265,2019-08-09,,,,700.0,,,,0.0232947,0.00304878,0.0112867,6.0,,,,,,WATERRIJK WATERLAND,52.4796,4.9391,Europe,,,,,,0.7,,,68.0,0.28,,,,,,,,,,,,,,,,,,,,,,,,,,215
NLD00265,2019-09-10,,,,580.0,,,,0.0232947,0.00304878,0.0112867,7.0,,,,,,WATERRIJK WATERLAND,52.4796,4.9391,Europe,,,,,,0.61,,,70.0,0.3,,,,,,,,,,,,,,,,,,,,,,,,,,215
NLD00265,2019-10-11,,,,180.0,,,,1.009437,0.01219512,0.0112867,8.9,,,,,,WATERRIJK WATERLAND,52.4796,4.9391,Europe,,,,,,0.94,,,86.0,0.59,,,,,,,,,,,,,,,,,,,,,,,,,,215
NLD00265,2019-11-08,,,,300.0,,,,1.242384,0.0152439,0.0790069,7.6,,,,,,WATERRIJK WATERLAND,52.4796,4.9391,Europe,,,,,,1.3,,,64.0,0.99,,,,,,,,,,,,,,,,,,,,,,,,,,215
NLD00265,2019-12-06,,,,180.0,,,,1.630629,0.00609756,0.10835232,11.9,,,,,,WATERRIJK WATERLAND,52.4796,4.9391,Europe,,,,,,1.4,,,96.0,0.86,,,,,,,,,,,,,,,,,,,,,,,,,,215
NLD00265,2020-01-23,,,,260.0,,,,1.475331,0.00914634,0.1918739,7.1,,,,,,WATERRIJK WATERLAND,52.4796,4.9391,Europe,,,,,,1.0,,,57.0,0.66,,,,,,,,,,,,,,,,,,,,,,,,,,215
NLD00265,2020-02-19,,,,110.0,,,,0.3416556,0.00609756,0.3160276,11.4,,,,,,WATERRIJK WATERLAND,52.4796,4.9391,Europe,,,,,,0.38,,,92.0,0.11,,,,,,,,,,,,,,,,,,,,,,,,,,215
NLD00265,2020-03-17,,,,200.0,,,,0.7066059,0.01219512,0.18510188,9.2,,,,,,WATERRIJK WATERLAND,52.4796,4.9391,Europe,,,,,,1.1,,,80.0,0.57,,,,,,,,,,,,,,,,,,,,,,,,,,215
NLD00265,2020-04-07,,,,170.0,,,,0.0232947,0.00304878,0.0112867,9.2,,,,,,WATERRIJK WATERLAND,52.4796,4.9391,Europe,,,,,,0.43,,,91.0,0.17,,,,,,,,,,,,,,,,,,,,,,,,,,215
NLD00265,2020-05-01,,,,230.0,,,,0.0232947,0.00304878,0.0112867,10.2,,,,,,WATERRIJK WATERLAND,52.4796,4.9391,Europe,,,,,,0.4,,,96.0,0.097,,,,,,,,,,,,,,,,,,,,,,,,,,215
NLD00265,2020-06-11,,,,380.0,,,,0.0232947,0.00304878,0.0112867,7.5,,,,,,WATERRIJK WATERLAND,52.4796,4.9391,Europe,,,,,,0.88,,,76.0,0.36,,,,,,,,,,,,,,,,,,,,,,,,,,215
NLD00265,2020-07-23,,,,400.0,,,,0.0232947,0.00304878,0.0112867,7.6,,,,,,WATERRIJK WATERLAND,52.4796,4.9391,Europe,,,,,,0.57,,,84.0,0.23,,,,,,,,,,,,,,,,,,,,,,,,,,215
NLD00265,2020-08-18,,,,520.0,,,,0.0232947,0.00304878,0.0112867,5.4,,,,,,WATERRIJK WATERLAND,52.4796,4.9391,Europe,,,,,,1.0,,,61.0,0.49,,,,,,,,,,,,,,,,,,,,,,,,,,215
NLD00265,2020-09-04,,,,490.0,,,,0.0232947,0.00304878,0.0112867,9.5,,,,,,WATERRIJK WATERLAND,52.4796,4.9391,Europe,,,,,,0.58,,,101.0,0.19,,,,,,,,,,,,,,,,,,,,,,,,,,215
NLD00265,2020-10-20,,,,320.0,,,,0.7143708,0.00914634,0.0112867,10.0,,,,,,WATERRIJK WATERLAND,52.4796,4.9391,Europe,,,,,,1.1,,,87.0,0.77,,,,,,,,,,,,,,,,,,,,,,,,,,215
NLD00265,2020-11-27,,,,360.0,,,,1.475331,0.0152439,0.14446976,8.02,,,,,,WATERRIJK WATERLAND,52.4796,4.9391,Europe,,,,,,1.5,,,64.6,1.2,,,,,,,,,,,,,,,,,,,,,,,,,,215
NLD00265,2020-12-11,,,,260.0,,,,1.941225,0.00609756,0.1015803,11.3,,,,,,WATERRIJK WATERLAND,52.4796,4.9391,Europe,,,,,,1.4,,,83.0,0.93,,,,,,,,,,,,,,,,,,,,,,,,,,215
NLD00265,2021-01-13,,,,160.0,,,,1.397682,0.00304878,0.17381518,,,,,,,WATERRIJK WATERLAND,52.4796,4.9391,Europe,,,,,,1.1,,,,0.54,,,,,,,,,,,,,,,,,,,,,,,,,,215
NLD00265,2021-02-03,,,,170.0,,,,1.320033,0.00304878,0.13769774,,,,,,,WATERRIJK WATERLAND,52.4796,4.9391,Europe,,,,,,1.1,,,,0.7,,,,,,,,,,,,,,,,,,,,,,,,,,215
NLD00265,2021-03-10,,,,240.0,,,,0.1941225,0.00304878,0.03837478,,,,,,,WATERRIJK WATERLAND,52.4796,4.9391,Europe,,,,,,0.86,,,,0.44,,,,,,,,,,,,,,,,,,,,,,,,,,215
NLD00265,2021-04-09,,,,280.0,,,,0.0232947,0.00304878,0.0112867,,,,,,,WATERRIJK WATERLAND,52.4796,4.9391,Europe,,,,,,0.58,,,,0.15,,,,,,,,,,,,,,,,,,,,,,,,,,215
NLD00265,2021-05-10,,,,260.0,,,,0.0232947,0.00304878,0.0112867,,,,,,,WATERRIJK WATERLAND,52.4796,4.9391,Europe,,,,,,0.57,,,,0.15,,,,,,,,,,,,,,,,,,,,,,,,,,215
NLD00265,2021-06-10,,,,290.0,,,,0.0232947,0.00304878,0.0112867,,,,,,,WATERRIJK WATERLAND,52.4796,4.9391,Europe,,,,,,0.85,,,,0.49,,,,,,,,,,,,,,,,,,,,,,,,,,215
NLD00265,2021-07-13,,,,270.0,,,,0.0232947,0.00304878,0.0112867,,,,,,,WATERRIJK WATERLAND,52.4796,4.9391,Europe,,,,,,1.8,,,,1.2,,,,,,,,,,,,,,,,,,,,,,,,,,215
NLD00265,2021-08-11,,,,310.0,,,,0.0465894,0.00609756,0.0112867,,,,,,,WATERRIJK WATERLAND,52.4796,4.9391,Europe,,,,,,1.6,,,,1.1,,,,,,,,,,,,,,,,,,,,,,,,,,215
NLD00265,2021-09-10,,,,280.0,,,,0.0232947,0.00304878,0.0112867,,,,,,,WATERRIJK WATERLAND,52.4796,4.9391,Europe,,,,,,0.67,,,,0.29,,,,,,,,,,,,,,,,,,,,,,,,,,215
NLD00265,2021-10-08,,,,240.0,,,,0.7454304,0.0152439,0.01805872,,,,,,,WATERRIJK WATERLAND,52.4796,4.9391,Europe,,,,,,1.1,,,,0.83,,,,,,,,,,,,,,,,,,,,,,,,,,215
NLD00265,2021-11-10,,,,220.0,,,,1.475331,0.0152439,0.11738168,,,,,,,WATERRIJK WATERLAND,52.4796,4.9391,Europe,,,,,,1.7,,,,1.3,,,,,,,,,,,,,,,,,,,,,,,,,,215
NLD00265,2021-12-02,,,,130.0,,,,1.009437,0.00609756,0.13769774,,,,,,,WATERRIJK WATERLAND,52.4796,4.9391,Europe,,,,,,0.92,,,,0.48,,,,,,,,,,,,,,,,,,,,,,,,,,215
NLD00266,2018-01-11,,,,81.0,,,,0.2717715,0.00304878,0.20993262,14.7,,,,,,WATERRIJK WORMER  EN JISPERVELD,52.5154,4.8638,Europe,,,,,,0.29,,,110.0,0.066,,,,,,,,,,,,,,,,,,,,,,,,,,215
NLD00266,2018-02-06,,,,81.0,,,,0.0232947,0.00304878,0.20993262,12.8,,,,,,WATERRIJK WORMER  EN JISPERVELD,52.5154,4.8638,Europe,,,,,,0.27,,,93.0,0.027,,,,,,,,,,,,,,,,,,,,,,,,,,215
NLD00266,2018-03-16,,,,92.0,,,,0.0232947,0.00304878,0.0112867,9.8,,,,,,WATERRIJK WORMER  EN JISPERVELD,52.5154,4.8638,Europe,,,,,,0.33,,,81.0,0.007,,,,,,,,,,,,,,,,,,,,,,,,,,215
NLD00266,2018-04-05,,,,130.0,,,,0.2873013,0.00609756,0.10609498,10.2,,,,,,WATERRIJK WORMER  EN JISPERVELD,52.5154,4.8638,Europe,,,,,,0.46,,,88.0,0.064,,,,,,,,,,,,,,,,,,,,,,,,,,215
NLD00266,2018-05-04,,,,95.0,,,,0.0232947,0.01219512,0.0112867,14.1,,,,,,WATERRIJK WORMER  EN JISPERVELD,52.5154,4.8638,Europe,,,,,,0.4,,,148.0,0.005,,,,,,,,,,,,,,,,,,,,,,,,,,215
NLD00266,2018-06-08,,,,140.0,,,,0.0232947,0.00304878,0.0112867,5.9,,,,,,WATERRIJK WORMER  EN JISPERVELD,52.5154,4.8638,Europe,,,,,,0.37,,,69.0,0.005,,,,,,,,,,,,,,,,,,,,,,,,,,215
NLD00266,2018-07-03,,,,160.0,,,,0.0232947,0.00304878,0.0112867,8.1,,,,,,WATERRIJK WORMER  EN JISPERVELD,52.5154,4.8638,Europe,,,,,,0.35,,,92.0,0.005,,,,,,,,,,,,,,,,,,,,,,,,,,215
NLD00266,2018-08-01,,,,180.0,,,,0.0232947,0.00304878,0.0112867,12.8,,,,,,WATERRIJK WORMER  EN JISPERVELD,52.5154,4.8638,Europe,,,,,,0.32,,,151.0,0.005,,,,,,,,,,,,,,,,,,,,,,,,,,215
NLD00266,2018-09-06,,,,190.0,,,,0.0310596,0.00304878,0.0112867,6.3,,,,,,WATERRIJK WORMER  EN JISPERVELD,52.5154,4.8638,Europe,,,,,,0.21,,,69.0,0.005,,,,,,,,,,,,,,,,,,,,,,,,,,215
NLD00266,2018-10-11,,,,200.0,,,,0.0310596,0.00304878,0.0112867,8.7,,,,,,WATERRIJK WORMER  EN JISPERVELD,52.5154,4.8638,Europe,,,,,,0.2,,,86.0,0.005,,,,,,,,,,,,,,,,,,,,,,,,,,215
NLD00266,2018-11-06,,,,200.0,,,,0.155298,0.00609756,0.0225734,13.3,,,,,,WATERRIJK WORMER  EN JISPERVELD,52.5154,4.8638,Europe,,,,,,0.16,,,117.0,0.005,,,,,,,,,,,,,,,,,,,,,,,,,,215
NLD00266,2018-12-07,,,,210.0,,,,0.5202483,0.01219512,0.11060966,11.0,,,,,,WATERRIJK WORMER  EN JISPERVELD,52.5154,4.8638,Europe,,,,,,0.22,,,101.0,0.005,,,,,,,,,,,,,,,,,,,,,,,,,,215
NLD00266,2019-01-18,,,,190.0,,,,0.1863576,0.00609756,0.225734,10.4,,,,,,WATERRIJK WORMER  EN JISPERVELD,52.5154,4.8638,Europe,,,,,,0.15,,,78.0,0.006,,,,,,,,,,,,,,,,,,,,,,,,,,215
NLD00266,2019-02-15,,,,170.0,,,,0.1087086,0.00304878,0.19413124,11.5,,,,,,WATERRIJK WORMER  EN JISPERVELD,52.5154,4.8638,Europe,,,,,,0.21,,,89.0,0.005,,,,,,,,,,,,,,,,,,,,,,,,,,215
NLD00266,2019-03-14,,,,160.0,,,,0.0232947,0.00304878,0.01354404,13.9,,,,,,WATERRIJK WORMER  EN JISPERVELD,52.5154,4.8638,Europe,,,,,,0.3,,,116.0,0.005,,,,,,,,,,,,,,,,,,,,,,,,,,215
NLD00266,2019-04-12,,,,180.0,,,,0.0232947,0.00304878,0.0112867,11.8,,,,,,WATERRIJK WORMER  EN JISPERVELD,52.5154,4.8638,Europe,,,,,,0.22,,,103.0,0.005,,,,,,,,,,,,,,,,,,,,,,,,,,215
NLD00266,2019-05-17,,,,190.0,,,,0.0232947,0.00304878,0.0112867,8.1,,,,,,WATERRIJK WORMER  EN JISPERVELD,52.5154,4.8638,Europe,,,,,,0.16,,,83.0,0.009,,,,,,,,,,,,,,,,,,,,,,,,,,215
NLD00266,2019-06-26,,,,180.0,,,,0.0232947,0.00304878,0.0112867,6.7,,,,,,WATERRIJK WORMER  EN JISPERVELD,52.5154,4.8638,Europe,,,,,,0.33,,,80.0,0.15,,,,,,,,,,,,,,,,,,,,,,,,,,215
NLD00266,2019-07-12,,,,190.0,,,,0.0232947,0.00304878,0.0112867,12.1,,,,,,WATERRIJK WORMER  EN JISPERVELD,52.5154,4.8638,Europe,,,,,,0.33,,,136.0,0.034,,,,,,,,,,,,,,,,,,,,,,,,,,215
NLD00266,2019-08-27,,,,210.0,,,,0.0232947,0.00304878,0.0112867,8.5,,,,,,WATERRIJK WORMER  EN JISPERVELD,52.5154,4.8638,Europe,,,,,,0.34,,,102.0,0.069,,,,,,,,,,,,,,,,,,,,,,,,,,215
NLD00266,2019-09-30,,,,170.0,,,,0.0232947,0.00304878,0.0112867,9.8,,,,,,WATERRIJK WORMER  EN JISPERVELD,52.5154,4.8638,Europe,,,,,,0.37,,,100.0,0.078,,,,,,,,,,,,,,,,,,,,,,,,,,215
NLD00266,2019-10-28,,,,150.0,,,,0.1785927,0.00914634,0.03611744,10.6,,,,,,WATERRIJK WORMER  EN JISPERVELD,52.5154,4.8638,Europe,,,,,,0.2,,,97.0,0.012,,,,,,,,,,,,,,,,,,,,,,,,,,215
NLD00266,2019-11-15,,,,130.0,,,,0.2174172,0.00304878,0.03837478,9.3,,,,,,WATERRIJK WORMER  EN JISPERVELD,52.5154,4.8638,Europe,,,,,,0.2,,,73.0,0.032,,,,,,,,,,,,,,,,,,,,,,,,,,215
NLD00266,2019-12-10,,,,120.0,,,,0.2251821,0.00304878,0.112867,10.2,,,,,,WATERRIJK WORMER  EN JISPERVELD,52.5154,4.8638,Europe,,,,,,0.19,,,80.0,0.032,,,,,,,,,,,,,,,,,,,,,,,,,,215
NLD00266,2020-01-29,,,,130.0,,,,0.1164735,0.00304878,0.1580138,11.1,,,,,,WATERRIJK WORMER  EN JISPERVELD,52.5154,4.8638,Europe,,,,,,0.14,,,87.0,0.008,,,,,,,,,,,,,,,,,,,,,,,,,,215
NLD00266,2020-02-28,,,,96.0,,,,0.0854139,0.00304878,0.15124178,12.5,,,,,,WATERRIJK WORMER  EN JISPERVELD,52.5154,4.8638,Europe,,,,,,0.23,,,95.0,0.009,,,,,,,,,,,,,,,,,,,,,,,,,,215
NLD00266,2020-03-13,,,,100.0,,,,0.0232947,0.00304878,0.02031606,11.7,,,,,,WATERRIJK WORMER  EN JISPERVELD,52.5154,4.8638,Europe,,,,,,0.33,,,96.0,0.005,,,,,,,,,,,,,,,,,,,,,,,,,,215
NLD00266,2020-04-21,,,,130.0,,,,0.0232947,0.00304878,0.0112867,9.8,,,,,,WATERRIJK WORMER  EN JISPERVELD,52.5154,4.8638,Europe,,,,,,0.26,,,89.0,0.005,,,,,,,,,,,,,,,,,,,,,,,,,,215
NLD00266,2020-05-26,,,,150.0,,,,0.0232947,0.00304878,0.0112867,13.1,,,,,,WATERRIJK WORMER  EN JISPERVELD,52.5154,4.8638,Europe,,,,,,0.43,,,140.0,0.008,,,,,,,,,,,,,,,,,,,,,,,,,,215
NLD00266,2020-06-18,,,,160.0,,,,0.0232947,0.00304878,0.0112867,7.0,,,,,,WATERRIJK WORMER  EN JISPERVELD,52.5154,4.8638,Europe,,,,,,0.33,,,79.0,0.005,,,,,,,,,,,,,,,,,,,,,,,,,,215
NLD00266,2020-07-08,,,,190.0,,,,0.0232947,0.00304878,0.01805872,9.5,,,,,,WATERRIJK WORMER  EN JISPERVELD,52.5154,4.8638,Europe,,,,,,0.41,,,99.0,0.005,,,,,,,,,,,,,,,,,,,,,,,,,,215
NLD00266,2020-08-14,,,,190.0,,,,0.0232947,0.00304878,0.0112867,8.8,,,,,,WATERRIJK WORMER  EN JISPERVELD,52.5154,4.8638,Europe,,,,,,0.35,,,109.0,0.005,,,,,,,,,,,,,,,,,,,,,,,,,,215
NLD00266,2020-09-15,,,,190.0,,,,0.0232947,0.00304878,0.0112867,10.4,,,,,,WATERRIJK WORMER  EN JISPERVELD,52.5154,4.8638,Europe,,,,,,0.24,,,116.0,0.005,,,,,,,,,,,,,,,,,,,,,,,,,,215
NLD00266,2020-10-14,,,,140.0,,,,0.6134271,0.0152439,0.04966148,8.7,,,,,,WATERRIJK WORMER  EN JISPERVELD,52.5154,4.8638,Europe,,,,,,0.24,,,77.0,0.059,,,,,,,,,,,,,,,,,,,,,,,,,,215
NLD00266,2020-11-13,,,,140.0,,,,0.5513079,0.01219512,0.16252848,9.24,,,,,,WATERRIJK WORMER  EN JISPERVELD,52.5154,4.8638,Europe,,,,,,0.19,,,79.9,0.029,,,,,,,,,,,,,,,,,,,,,,,,,,215
NLD00266,2020-12-11,,,,140.0,,,,0.3028311,0.00304878,0.19413124,10.6,,,,,,WATERRIJK WORMER  EN JISPERVELD,52.5154,4.8638,Europe,,,,,,0.16,,,78.0,0.052,,,,,,,,,,,,,,,,,,,,,,,,,,215
NLD00266,2021-01-13,,,,98.0,,,,0.2950662,0.00304878,0.18284454,,,,,,,WATERRIJK WORMER  EN JISPERVELD,52.5154,4.8638,Europe,,,,,,0.19,,,,0.054,,,,,,,,,,,,,,,,,,,,,,,,,,215
NLD00266,2021-02-03,,,,89.0,,,,0.1320033,0.00304878,0.1918739,,,,,,,WATERRIJK WORMER  EN JISPERVELD,52.5154,4.8638,Europe,,,,,,0.21,,,,0.038,,,,,,,,,,,,,,,,,,,,,,,,,,215
NLD00266,2021-03-10,,,,93.0,,,,0.0232947,0.00304878,0.01354404,,,,,,,WATERRIJK WORMER  EN JISPERVELD,52.5154,4.8638,Europe,,,,,,0.14,,,,0.005,,,,,,,,,,,,,,,,,,,,,,,,,,215
NLD00266,2021-04-09,,,,110.0,,,,0.0232947,0.00304878,0.0112867,,,,,,,WATERRIJK WORMER  EN JISPERVELD,52.5154,4.8638,Europe,,,,,,0.16,,,,0.005,,,,,,,,,,,,,,,,,,,,,,,,,,215
NLD00266,2021-05-10,,,,130.0,,,,0.0232947,0.00304878,0.04063212,,,,,,,WATERRIJK WORMER  EN JISPERVELD,52.5154,4.8638,Europe,,,,,,0.12,,,,0.005,,,,,,,,,,,,,,,,,,,,,,,,,,215
NLD00266,2021-06-10,,,,130.0,,,,0.232947,0.00304878,0.0112867,,,,,,,WATERRIJK WORMER  EN JISPERVELD,52.5154,4.8638,Europe,,,,,,0.34,,,,0.23,,,,,,,,,,,,,,,,,,,,,,,,,,215
NLD00266,2021-07-08,,,,120.0,,,,0.0232947,0.00304878,0.0112867,,,,,,,WATERRIJK WORMER  EN JISPERVELD,52.5154,4.8638,Europe,,,,,,0.38,,,,0.15,,,,,,,,,,,,,,,,,,,,,,,,,,215
NLD00266,2021-08-11,,,,150.0,,,,0.0232947,0.00304878,0.0112867,,,,,,,WATERRIJK WORMER  EN JISPERVELD,52.5154,4.8638,Europe,,,,,,0.44,,,,0.025,,,,,,,,,,,,,,,,,,,,,,,,,,215
NLD00266,2021-09-10,,,,170.0,,,,0.0232947,0.00304878,0.0112867,,,,,,,WATERRIJK WORMER  EN JISPERVELD,52.5154,4.8638,Europe,,,,,,0.47,,,,0.11,,,,,,,,,,,,,,,,,,,,,,,,,,215
NLD00266,2021-10-08,,,,150.0,,,,0.0232947,0.00304878,0.0112867,,,,,,,WATERRIJK WORMER  EN JISPERVELD,52.5154,4.8638,Europe,,,,,,0.34,,,,0.11,,,,,,,,,,,,,,,,,,,,,,,,,,215
NLD00266,2021-11-10,,,,120.0,,,,0.232947,0.00609756,0.05417616,,,,,,,WATERRIJK WORMER  EN JISPERVELD,52.5154,4.8638,Europe,,,,,,0.24,,,,0.081,,,,,,,,,,,,,,,,,,,,,,,,,,215
NLD00266,2021-12-02,,,,110.0,,,,0.4270695,0.00609756,0.14898444,,,,,,,WATERRIJK WORMER  EN JISPERVELD,52.5154,4.8638,Europe,,,,,,0.34,,,,0.12,,,,,,,,,,,,,,,,,,,,,,,,,,215
NLD00267,2018-01-11,,,,610.0,,,,1.164735,0.00609756,0.3160276,11.5,,,,,,WATERDELEN WIJDEWORMER,52.5075,4.8876,Europe,,,,,,0.39,,,88.0,0.18,,,,,,,,,,,,,,,,,,,,,,,,,,215
NLD00267,2018-02-06,,,,710.0,,,,0.854139,0.00609756,0.2483074,10.7,,,,,,WATERDELEN WIJDEWORMER,52.5075,4.8876,Europe,,,,,,0.31,,,77.0,0.1,,,,,,,,,,,,,,,,,,,,,,,,,,215
NLD00267,2018-03-16,,,,740.0,,,,0.4037748,0.00914634,0.112867,9.7,,,,,,WATERDELEN WIJDEWORMER,52.5075,4.8876,Europe,,,,,,0.41,,,80.0,0.03,,,,,,,,,,,,,,,,,,,,,,,,,,215
NLD00267,2018-04-05,,,,590.0,,,,0.6677814,0.01219512,0.16252848,10.1,,,,,,WATERDELEN WIJDEWORMER,52.5075,4.8876,Europe,,,,,,0.74,,,86.0,0.042,,,,,,,,,,,,,,,,,,,,,,,,,,215
NLD00267,2018-05-04,,,,620.0,,,,0.1164735,0.02134146,0.16252848,16.3,,,,,,WATERDELEN WIJDEWORMER,52.5075,4.8876,Europe,,,,,,0.5,,,172.0,0.007,,,,,,,,,,,,,,,,,,,,,,,,,,215
NLD00267,2018-06-08,,,,710.0,,,,0.0232947,0.00304878,0.0112867,1.9,,,,,,WATERDELEN WIJDEWORMER,52.5075,4.8876,Europe,,,,,,0.85,,,22.0,0.006,,,,,,,,,,,,,,,,,,,,,,,,,,215
NLD00267,2018-07-03,,,,500.0,,,,0.0232947,0.00304878,0.0112867,4.2,,,,,,WATERDELEN WIJDEWORMER,52.5075,4.8876,Europe,,,,,,0.8,,,47.0,0.016,,,,,,,,,,,,,,,,,,,,,,,,,,215
NLD00267,2018-08-01,,,,230.0,,,,0.0232947,0.00304878,0.0112867,9.0,,,,,,WATERDELEN WIJDEWORMER,52.5075,4.8876,Europe,,,,,,0.44,,,106.0,0.015,,,,,,,,,,,,,,,,,,,,,,,,,,215
NLD00267,2018-09-06,,,,570.0,,,,0.1397682,0.00304878,0.0112867,4.5,,,,,,WATERDELEN WIJDEWORMER,52.5075,4.8876,Europe,,,,,,0.44,,,48.0,0.009,,,,,,,,,,,,,,,,,,,,,,,,,,215
NLD00267,2018-10-08,,,,860.0,,,,0.0543543,0.00304878,0.0112867,11.8,,,,,,WATERDELEN WIJDEWORMER,52.5075,4.8876,Europe,,,,,,0.37,,,115.0,0.008,,,,,,,,,,,,,,,,,,,,,,,,,,215
NLD00267,2018-11-06,,,,780.0,,,,1.087086,0.01829268,0.11512434,12.9,,,,,,WATERDELEN WIJDEWORMER,52.5075,4.8876,Europe,,,,,,0.35,,,115.0,0.02,,,,,,,,,,,,,,,,,,,,,,,,,,215
NLD00267,2018-12-07,,,,850.0,,,,2.018874,0.0152439,0.11512434,9.9,,,,,,WATERDELEN WIJDEWORMER,52.5075,4.8876,Europe,,,,,,0.42,,,93.0,0.027,,,,,,,,,,,,,,,,,,,,,,,,,,215
NLD00267,2019-01-11,,,,1000.0,,,,1.242384,0.01219512,0.225734,10.0,,,,,,WATERDELEN WIJDEWORMER,52.5075,4.8876,Europe,,,,,,0.21,,,78.0,0.034,,,,,,,,,,,,,,,,,,,,,,,,,,215
NLD00267,2019-02-08,,,,690.0,,,,0.854139,0.00914634,0.2934542,9.8,,,,,,WATERDELEN WIJDEWORMER,52.5075,4.8876,Europe,,,,,,0.45,,,79.0,0.12,,,,,,,,,,,,,,,,,,,,,,,,,,215
NLD00267,2019-03-07,,,,980.0,,,,0.3727152,0.00609756,0.1354404,9.8,,,,,,WATERDELEN WIJDEWORMER,52.5075,4.8876,Europe,,,,,,0.41,,,87.0,0.009,,,,,,,,,,,,,,,,,,,,,,,,,,215
NLD00267,2019-04-03,,,,1100.0,,,,0.3649503,0.00304878,0.0112867,7.3,,,,,,WATERDELEN WIJDEWORMER,52.5075,4.8876,Europe,,,,,,0.52,,,65.0,0.006,,,,,,,,,,,,,,,,,,,,,,,,,,215
NLD00267,2019-05-10,,,,710.0,,,,0.0232947,0.00304878,0.0112867,9.6,,,,,,WATERDELEN WIJDEWORMER,52.5075,4.8876,Europe,,,,,,0.54,,,93.0,0.005,,,,,,,,,,,,,,,,,,,,,,,,,,215
NLD00267,2019-06-07,,,,690.0,,,,0.4348344,0.0152439,0.17607252,8.3,,,,,,WATERDELEN WIJDEWORMER,52.5075,4.8876,Europe,,,,,,0.76,,,89.0,0.01,,,,,,,,,,,,,,,,,,,,,,,,,,215
NLD00267,2019-07-05,,,,650.0,,,,0.0232947,0.00304878,0.0112867,8.3,,,,,,WATERDELEN WIJDEWORMER,52.5075,4.8876,Europe,,,,,,0.78,,,94.0,0.005,,,,,,,,,,,,,,,,,,,,,,,,,,215
NLD00267,2019-08-09,,,,620.0,,,,0.0232947,0.00304878,0.0112867,4.3,,,,,,WATERDELEN WIJDEWORMER,52.5075,4.8876,Europe,,,,,,0.89,,,48.0,0.021,,,,,,,,,,,,,,,,,,,,,,,,,,215
NLD00267,2019-09-10,,,,720.0,,,,0.0232947,0.00304878,0.0112867,7.9,,,,,,WATERDELEN WIJDEWORMER,52.5075,4.8876,Europe,,,,,,0.46,,,81.0,0.005,,,,,,,,,,,,,,,,,,,,,,,,,,215
NLD00267,2019-10-11,,,,490.0,,,,1.164735,0.02439024,0.09255094,6.7,,,,,,WATERDELEN WIJDEWORMER,52.5075,4.8876,Europe,,,,,,0.66,,,64.0,0.09,,,,,,,,,,,,,,,,,,,,,,,,,,215
NLD00267,2019-11-08,,,,910.0,,,,0.6134271,0.0152439,0.09932296,8.9,,,,,,WATERDELEN WIJDEWORMER,52.5075,4.8876,Europe,,,,,,0.6,,,75.0,0.11,,,,,,,,,,,,,,,,,,,,,,,,,,215
NLD00267,2019-12-06,,,,730.0,,,,1.55298,0.00914634,0.15575646,12.0,,,,,,WATERDELEN WIJDEWORMER,52.5075,4.8876,Europe,,,,,,0.76,,,97.0,0.3,,,,,,,,,,,,,,,,,,,,,,,,,,215
NLD00267,2020-01-23,,,,890.0,,,,0.854139,0.00914634,0.2031606,9.4,,,,,,WATERDELEN WIJDEWORMER,52.5075,4.8876,Europe,,,,,,0.26,,,75.0,0.13,,,,,,,,,,,,,,,,,,,,,,,,,,215
NLD00267,2020-02-19,,,,480.0,,,,0.4115397,0.00914634,0.3611744,11.1,,,,,,WATERDELEN WIJDEWORMER,52.5075,4.8876,Europe,,,,,,0.3,,,90.0,0.028,,,,,,,,,,,,,,,,,,,,,,,,,,215
NLD00267,2020-03-17,,,,720.0,,,,0.2717715,0.00609756,0.16027114,11.2,,,,,,WATERDELEN WIJDEWORMER,52.5075,4.8876,Europe,,,,,,0.5,,,94.0,0.021,,,,,,,,,,,,,,,,,,,,,,,,,,215
NLD00267,2020-04-07,,,,1100.0,,,,0.0232947,0.00304878,0.0112867,9.0,,,,,,WATERDELEN WIJDEWORMER,52.5075,4.8876,Europe,,,,,,0.4,,,83.0,0.008,,,,,,,,,,,,,,,,,,,,,,,,,,215
NLD00267,2020-05-01,,,,970.0,,,,0.0232947,0.00304878,0.0112867,7.7,,,,,,WATERDELEN WIJDEWORMER,52.5075,4.8876,Europe,,,,,,0.74,,,72.0,0.005,,,,,,,,,,,,,,,,,,,,,,,,,,215
NLD00267,2020-06-11,,,,470.0,,,,0.0232947,0.00304878,0.0112867,7.6,,,,,,WATERDELEN WIJDEWORMER,52.5075,4.8876,Europe,,,,,,0.86,,,78.0,0.005,,,,,,,,,,,,,,,,,,,,,,,,,,215
NLD00267,2020-07-23,,,,660.0,,,,0.0232947,0.00304878,0.0112867,6.0,,,,,,WATERDELEN WIJDEWORMER,52.5075,4.8876,Europe,,,,,,0.48,,,63.0,0.01,,,,,,,,,,,,,,,,,,,,,,,,,,215
NLD00267,2020-08-18,,,,670.0,,,,0.3571854,0.00914634,0.11060966,3.1,,,,,,WATERDELEN WIJDEWORMER,52.5075,4.8876,Europe,,,,,,0.54,,,35.0,0.01,,,,,,,,,,,,,,,,,,,,,,,,,,215
NLD00267,2020-09-04,,,,580.0,,,,0.6444867,0.00914634,0.0112867,3.5,,,,,,WATERDELEN WIJDEWORMER,52.5075,4.8876,Europe,,,,,,0.74,,,36.0,0.086,,,,,,,,,,,,,,,,,,,,,,,,,,215
NLD00267,2020-10-19,,,,690.0,,,,1.475331,0.02439024,0.0112867,5.6,,,,,,WATERDELEN WIJDEWORMER,52.5075,4.8876,Europe,,,,,,0.43,,,50.0,0.055,,,,,,,,,,,,,,,,,,,,,,,,,,215
NLD00267,2020-11-17,,,,760.0,,,,0.7687251,0.01829268,0.16252848,8.9,,,,,,WATERDELEN WIJDEWORMER,52.5075,4.8876,Europe,,,,,,0.52,,,80.3,0.051,,,,,,,,,,,,,,,,,,,,,,,,,,215
NLD00267,2020-12-11,,,,760.0,,,,1.475331,0.00914634,0.16252848,10.7,,,,,,WATERDELEN WIJDEWORMER,52.5075,4.8876,Europe,,,,,,0.38,,,82.0,0.11,,,,,,,,,,,,,,,,,,,,,,,,,,215
NLD00267,2021-01-13,,,,640.0,,,,1.397682,0.00914634,0.2708808,,,,,,,WATERDELEN WIJDEWORMER,52.5075,4.8876,Europe,,,,,,0.45,,,,0.1,,,,,,,,,,,,,,,,,,,,,,,,,,215
NLD00267,2021-02-03,,,,430.0,,,,0.931788,0.00609756,0.20993262,,,,,,,WATERDELEN WIJDEWORMER,52.5075,4.8876,Europe,,,,,,0.3,,,,0.048,,,,,,,,,,,,,,,,,,,,,,,,,,215
NLD00267,2021-03-10,,,,770.0,,,,0.1164735,0.00304878,0.0112867,,,,,,,WATERDELEN WIJDEWORMER,52.5075,4.8876,Europe,,,,,,0.63,,,,0.07,,,,,,,,,,,,,,,,,,,,,,,,,,215
NLD00267,2021-04-09,,,,940.0,,,,0.0232947,0.00304878,0.0112867,,,,,,,WATERDELEN WIJDEWORMER,52.5075,4.8876,Europe,,,,,,0.53,,,,0.005,,,,,,,,,,,,,,,,,,,,,,,,,,215
NLD00267,2021-05-10,,,,870.0,,,,0.0232947,0.00304878,0.0112867,,,,,,,WATERDELEN WIJDEWORMER,52.5075,4.8876,Europe,,,,,,0.59,,,,0.006,,,,,,,,,,,,,,,,,,,,,,,,,,215
NLD00267,2021-06-10,,,,1000.0,,,,0.0232947,0.00304878,0.0112867,,,,,,,WATERDELEN WIJDEWORMER,52.5075,4.8876,Europe,,,,,,0.84,,,,0.011,,,,,,,,,,,,,,,,,,,,,,,,,,215
NLD00267,2021-07-13,,,,890.0,,,,0.2795364,0.00609756,0.0112867,,,,,,,WATERDELEN WIJDEWORMER,52.5075,4.8876,Europe,,,,,,0.7,,,,0.019,,,,,,,,,,,,,,,,,,,,,,,,,,215
NLD00267,2021-08-11,,,,840.0,,,,0.0698841,0.00914634,0.0112867,,,,,,,WATERDELEN WIJDEWORMER,52.5075,4.8876,Europe,,,,,,0.56,,,,0.005,,,,,,,,,,,,,,,,,,,,,,,,,,215
NLD00267,2021-09-10,,,,1100.0,,,,0.0232947,0.00304878,0.0112867,,,,,,,WATERDELEN WIJDEWORMER,52.5075,4.8876,Europe,,,,,,0.49,,,,0.005,,,,,,,,,,,,,,,,,,,,,,,,,,215
NLD00267,2021-10-08,,,,490.0,,,,1.009437,0.01219512,0.0112867,,,,,,,WATERDELEN WIJDEWORMER,52.5075,4.8876,Europe,,,,,,0.96,,,,0.097,,,,,,,,,,,,,,,,,,,,,,,,,,215
NLD00267,2021-11-10,,,,650.0,,,,1.708278,0.03353658,0.1580138,,,,,,,WATERDELEN WIJDEWORMER,52.5075,4.8876,Europe,,,,,,0.56,,,,0.18,,,,,,,,,,,,,,,,,,,,,,,,,,215
NLD00267,2021-12-02,,,,450.0,,,,0.854139,0.00914634,0.20090326,,,,,,,WATERDELEN WIJDEWORMER,52.5075,4.8876,Europe,,,,,,0.47,,,,0.079,,,,,,,,,,,,,,,,,,,,,,,,,,215
NLD00268,2018-01-11,,,,720.0,,,,2.096523,0.00914634,0.20541794,,,,,,,WATERDELEN WIJDEWORMER,52.4877,4.8607,Europe,,,,,,0.69,,,,0.39,,,,,,,,,,,,,,,,,,,,,,,,,,215
NLD00268,2018-02-06,,,,990.0,,,,1.708278,0.00914634,0.19864592,,,,,,,WATERDELEN WIJDEWORMER,52.4877,4.8607,Europe,,,,,,0.55,,,,0.25,,,,,,,,,,,,,,,,,,,,,,,,,,215
NLD00268,2018-03-16,,,,730.0,,,,0.0232947,0.00304878,0.0112867,,,,,,,WATERDELEN WIJDEWORMER,52.4877,4.8607,Europe,,,,,,1.0,,,,0.052,,,,,,,,,,,,,,,,,,,,,,,,,,215
NLD00268,2018-04-05,,,,530.0,,,,1.164735,0.00914634,0.01580138,,,,,,,WATERDELEN WIJDEWORMER,52.4877,4.8607,Europe,,,,,,0.29,,,,0.16,,,,,,,,,,,,,,,,,,,,,,,,,,215
NLD00268,2018-05-04,,,,1000.0,,,,0.2640066,0.0152439,0.01354404,,,,,,,WATERDELEN WIJDEWORMER,52.4877,4.8607,Europe,,,,,,1.0,,,,0.035,,,,,,,,,,,,,,,,,,,,,,,,,,215
NLD00268,2018-06-08,,,,1100.0,,,,0.0232947,0.00304878,0.0112867,,,,,,,WATERDELEN WIJDEWORMER,52.4877,4.8607,Europe,,,,,,2.0,,,,1.0,,,,,,,,,,,,,,,,,,,,,,,,,,215
NLD00268,2018-07-03,,,,1000.0,,,,0.0232947,0.00304878,0.0112867,,,,,,,WATERDELEN WIJDEWORMER,52.4877,4.8607,Europe,,,,,,1.1,,,,0.086,,,,,,,,,,,,,,,,,,,,,,,,,,215
NLD00268,2018-08-01,,,,320.0,,,,0.0232947,0.00304878,0.0112867,,,,,,,WATERDELEN WIJDEWORMER,52.4877,4.8607,Europe,,,,,,0.63,,,,0.017,,,,,,,,,,,,,,,,,,,,,,,,,,215
NLD00268,2018-09-06,,,,820.0,,,,0.0310596,0.00304878,0.0112867,,,,,,,WATERDELEN WIJDEWORMER,52.4877,4.8607,Europe,,,,,,0.71,,,,0.047,,,,,,,,,,,,,,,,,,,,,,,,,,215
NLD00268,2018-10-08,,,,1100.0,,,,0.0232947,0.00304878,0.0112867,,,,,,,WATERDELEN WIJDEWORMER,52.4877,4.8607,Europe,,,,,,0.53,,,,0.011,,,,,,,,,,,,,,,,,,,,,,,,,,215
NLD00268,2018-11-06,,,,1100.0,,,,0.931788,0.00609756,0.0112867,,,,,,,WATERDELEN WIJDEWORMER,52.4877,4.8607,Europe,,,,,,0.65,,,,0.16,,,,,,,,,,,,,,,,,,,,,,,,,,215
NLD00268,2018-12-07,,,,1500.0,,,,2.407119,0.01219512,0.0112867,,,,,,,WATERDELEN WIJDEWORMER,52.4877,4.8607,Europe,,,,,,0.57,,,,0.25,,,,,,,,,,,,,,,,,,,,,,,,,,215
NLD00268,2020-01-10,,,,1100.0,,,,2.32947,0.02439024,0.17607252,7.9,,,,,,WATERDELEN WIJDEWORMER,52.4877,4.8607,Europe,,,,,,0.47,,,69.0,0.1,,,,,,,,,,,,,,,,,,,,,,,,,,215
NLD00268,2020-02-05,,,,1200.0,,,,0.7531953,0.00914634,0.19638858,10.2,,,,,,WATERDELEN WIJDEWORMER,52.4877,4.8607,Europe,,,,,,0.4,,,82.0,0.052,,,,,,,,,,,,,,,,,,,,,,,,,,215
NLD00268,2020-03-03,,,,860.0,,,,1.397682,0.00914634,0.1805872,8.0,,,,,,WATERDELEN WIJDEWORMER,52.4877,4.8607,Europe,,,,,,0.45,,,67.0,0.11,,,,,,,,,,,,,,,,,,,,,,,,,,215
NLD00268,2020-04-07,,,,1200.0,,,,0.0310596,0.00609756,0.0112867,10.5,,,,,,WATERDELEN WIJDEWORMER,52.4877,4.8607,Europe,,,,,,1.2,,,103.0,0.02,,,,,,,,,,,,,,,,,,,,,,,,,,215
NLD00268,2020-05-12,,,,1200.0,,,,0.0232947,0.00304878,0.0112867,10.0,,,,,,WATERDELEN WIJDEWORMER,52.4877,4.8607,Europe,,,,,,0.92,,,93.0,0.02,,,,,,,,,,,,,,,,,,,,,,,,,,215
NLD00268,2020-06-09,,,,720.0,,,,0.0232947,0.00304878,0.0112867,10.2,,,,,,WATERDELEN WIJDEWORMER,52.4877,4.8607,Europe,,,,,,0.76,,,106.0,0.015,,,,,,,,,,,,,,,,,,,,,,,,,,215
NLD00268,2020-07-07,,,,620.0,,,,0.0232947,0.00304878,0.0112867,9.1,,,,,,WATERDELEN WIJDEWORMER,52.4877,4.8607,Europe,,,,,,0.72,,,94.0,0.007,,,,,,,,,,,,,,,,,,,,,,,,,,215
NLD00268,2020-08-04,,,,790.0,,,,0.0232947,0.00304878,0.0112867,9.8,,,,,,WATERDELEN WIJDEWORMER,52.4877,4.8607,Europe,,,,,,0.83,,,109.0,0.014,,,,,,,,,,,,,,,,,,,,,,,,,,215
NLD00268,2020-10-05,,,,940.0,,,,0.6755463,0.01219512,0.0112867,9.5,,,,,,WATERDELEN WIJDEWORMER,52.4877,4.8607,Europe,,,,,,0.55,,,87.0,0.028,,,,,,,,,,,,,,,,,,,,,,,,,,215
NLD00268,2020-11-03,,,,660.0,,,,0.6600165,0.0457317,0.17607252,11.9,,,,,,WATERDELEN WIJDEWORMER,52.4877,4.8607,Europe,,,,,,0.6,,,106.0,0.068,,,,,,,,,,,,,,,,,,,,,,,,,,215
NLD00268,2020-12-08,,,,480.0,,,,2.562417,0.00914634,0.01805872,9.6,,,,,,WATERDELEN WIJDEWORMER,52.4877,4.8607,Europe,,,,,,1.6,,,73.0,1.1,,,,,,,,,,,,,,,,,,,,,,,,,,215
NLD00268,2021-01-13,,,,470.0,,,,2.251821,0.00914634,0.17832986,,,,,,,WATERDELEN WIJDEWORMER,52.4877,4.8607,Europe,,,,,,0.76,,,,0.32,,,,,,,,,,,,,,,,,,,,,,,,,,215
NLD00268,2021-02-03,,,,840.0,,,,1.55298,0.00609756,0.1354404,,,,,,,WATERDELEN WIJDEWORMER,52.4877,4.8607,Europe,,,,,,0.64,,,,0.31,,,,,,,,,,,,,,,,,,,,,,,,,,215
NLD00268,2021-03-10,,,,1100.0,,,,0.1785927,0.00304878,0.0112867,,,,,,,WATERDELEN WIJDEWORMER,52.4877,4.8607,Europe,,,,,,1.1,,,,0.21,,,,,,,,,,,,,,,,,,,,,,,,,,215
NLD00268,2021-04-09,,,,1100.0,,,,0.0388245,0.00304878,0.0112867,,,,,,,WATERDELEN WIJDEWORMER,52.4877,4.8607,Europe,,,,,,0.52,,,,0.009,,,,,,,,,,,,,,,,,,,,,,,,,,215
NLD00268,2021-05-10,,,,1100.0,,,,0.0232947,0.00304878,0.0112867,,,,,,,WATERDELEN WIJDEWORMER,52.4877,4.8607,Europe,,,,,,0.6,,,,0.03,,,,,,,,,,,,,,,,,,,,,,,,,,215
NLD00268,2021-06-10,,,,1100.0,,,,0.0232947,0.00304878,0.0112867,,,,,,,WATERDELEN WIJDEWORMER,52.4877,4.8607,Europe,,,,,,2.0,,,,0.75,,,,,,,,,,,,,,,,,,,,,,,,,,215
NLD00268,2021-07-08,,,,1000.0,,,,0.077649,0.00914634,0.0112867,,,,,,,WATERDELEN WIJDEWORMER,52.4877,4.8607,Europe,,,,,,0.98,,,,0.06,,,,,,,,,,,,,,,,,,,,,,,,,,215
NLD00268,2021-08-11,,,,790.0,,,,0.0232947,0.00304878,0.0112867,,,,,,,WATERDELEN WIJDEWORMER,52.4877,4.8607,Europe,,,,,,1.1,,,,0.035,,,,,,,,,,,,,,,,,,,,,,,,,,215
NLD00268,2021-09-10,,,,1200.0,,,,0.0232947,0.00304878,0.0112867,,,,,,,WATERDELEN WIJDEWORMER,52.4877,4.8607,Europe,,,,,,1.0,,,,0.052,,,,,,,,,,,,,,,,,,,,,,,,,,215
NLD00268,2021-10-08,,,,620.0,,,,1.55298,0.00304878,0.0112867,,,,,,,WATERDELEN WIJDEWORMER,52.4877,4.8607,Europe,,,,,,1.3,,,,0.62,,,,,,,,,,,,,,,,,,,,,,,,,,215
NLD00268,2021-11-10,,,,960.0,,,,3.261258,0.03963414,0.06320552,,,,,,,WATERDELEN WIJDEWORMER,52.4877,4.8607,Europe,,,,,,1.2,,,,0.69,,,,,,,,,,,,,,,,,,,,,,,,,,215
NLD00268,2021-12-02,,,,380.0,,,,1.785927,0.01829268,0.11512434,,,,,,,WATERDELEN WIJDEWORMER,52.4877,4.8607,Europe,,,,,,0.72,,,,0.34,,,,,,,,,,,,,,,,,,,,,,,,,,215
NLD00272,2018-01-11,,,,170.0,,,,0.698841,0.06707316,0.3611744,13.7,,,,,,WATERDELEN PURMER,52.4679,5.002,Europe,,,,,,0.47,,,104.0,0.32,,,,,,,,,,,,,,,,,,,,,,,,,,215
NLD00272,2018-02-06,,,,200.0,,,,0.931788,0.00609756,0.2483074,10.1,,,,,,WATERDELEN PURMER,52.4679,5.002,Europe,,,,,,0.58,,,71.0,0.28,,,,,,,,,,,,,,,,,,,,,,,,,,215
NLD00272,2018-03-16,,,,260.0,,,,0.1009437,0.00304878,0.09255094,11.2,,,,,,WATERDELEN PURMER,52.4679,5.002,Europe,,,,,,0.53,,,93.0,0.14,,,,,,,,,,,,,,,,,,,,,,,,,,215
NLD00272,2018-04-05,,,,130.0,,,,0.6289569,0.0152439,0.2483074,8.0,,,,,,WATERDELEN PURMER,52.4679,5.002,Europe,,,,,,0.83,,,69.0,0.38,,,,,,,,,,,,,,,,,,,,,,,,,,215
NLD00272,2018-05-04,,,,200.0,,,,0.0854139,0.01829268,0.1580138,11.0,,,,,,WATERDELEN PURMER,52.4679,5.002,Europe,,,,,,0.58,,,110.0,0.27,,,,,,,,,,,,,,,,,,,,,,,,,,215
NLD00272,2018-06-08,,,,270.0,,,,0.1164735,0.00304878,0.0112867,2.0,,,,,,WATERDELEN PURMER,52.4679,5.002,Europe,,,,,,1.1,,,22.0,0.86,,,,,,,,,,,,,,,,,,,,,,,,,,215
NLD00272,2018-07-03,,,,270.0,,,,0.0310596,0.00304878,0.0112867,4.8,,,,,,WATERDELEN PURMER,52.4679,5.002,Europe,,,,,,0.61,,,54.0,0.43,,,,,,,,,,,,,,,,,,,,,,,,,,215
NLD00272,2018-08-01,,,,160.0,,,,0.0621192,0.00304878,0.0112867,6.2,,,,,,WATERDELEN PURMER,52.4679,5.002,Europe,,,,,,0.48,,,71.0,0.27,,,,,,,,,,,,,,,,,,,,,,,,,,215
NLD00272,2018-09-06,,,,220.0,,,,0.1320033,0.00304878,0.03837478,4.3,,,,,,WATERDELEN PURMER,52.4679,5.002,Europe,,,,,,0.26,,,47.0,0.14,,,,,,,,,,,,,,,,,,,,,,,,,,215
NLD00272,2018-10-05,,,,290.0,,,,0.2484768,0.01829268,0.09255094,6.3,,,,,,WATERDELEN PURMER,52.4679,5.002,Europe,,,,,,0.18,,,61.0,0.067,,,,,,,,,,,,,,,,,,,,,,,,,,215
NLD00272,2018-11-06,,,,270.0,,,,0.5202483,0.02439024,0.20090326,6.4,,,,,,WATERDELEN PURMER,52.4679,5.002,Europe,,,,,,0.2,,,55.0,0.04,,,,,,,,,,,,,,,,,,,,,,,,,,215
NLD00272,2018-12-07,,,,270.0,,,,0.5357781,0.01219512,0.17155784,8.7,,,,,,WATERDELEN PURMER,52.4679,5.002,Europe,,,,,,0.22,,,78.0,0.061,,,,,,,,,,,,,,,,,,,,,,,,,,215
NLD00272,2019-01-11,,,,300.0,,,,0.5978973,0.0152439,0.3611744,9.4,,,,,,WATERDELEN PURMER,52.4679,5.002,Europe,,,,,,0.22,,,74.0,0.093,,,,,,,,,,,,,,,,,,,,,,,,,,215
NLD00272,2019-02-08,,,,230.0,,,,0.4270695,0.01219512,0.5869084,9.1,,,,,,WATERDELEN PURMER,52.4679,5.002,Europe,,,,,,0.23,,,74.0,0.065,,,,,,,,,,,,,,,,,,,,,,,,,,215
NLD00272,2019-03-07,,,,270.0,,,,0.3804801,0.00914634,0.225734,9.6,,,,,,WATERDELEN PURMER,52.4679,5.002,Europe,,,,,,0.32,,,85.0,0.08,,,,,,,,,,,,,,,,,,,,,,,,,,215
NLD00272,2019-04-03,,,,310.0,,,,0.0854139,0.00609756,0.02934542,10.3,,,,,,WATERDELEN PURMER,52.4679,5.002,Europe,,,,,,0.29,,,94.0,0.053,,,,,,,,,,,,,,,,,,,,,,,,,,215
NLD00272,2019-05-10,,,,250.0,,,,0.0698841,0.00304878,0.02031606,9.0,,,,,,WATERDELEN PURMER,52.4679,5.002,Europe,,,,,,0.4,,,88.0,0.22,,,,,,,,,,,,,,,,,,,,,,,,,,215
NLD00272,2019-06-07,,,,200.0,,,,0.2407119,0.02134146,0.5869084,7.1,,,,,,WATERDELEN PURMER,52.4679,5.002,Europe,,,,,,0.63,,,77.0,0.3,,,,,,,,,,,,,,,,,,,,,,,,,,215
NLD00272,2019-07-05,,,,280.0,,,,0.0232947,0.00304878,0.0112867,8.0,,,,,,WATERDELEN PURMER,52.4679,5.002,Europe,,,,,,0.71,,,93.0,0.58,,,,,,,,,,,,,,,,,,,,,,,,,,215
NLD00272,2019-08-09,,,,250.0,,,,0.0232947,0.00304878,0.0112867,5.5,,,,,,WATERDELEN PURMER,52.4679,5.002,Europe,,,,,,0.57,,,63.0,0.42,,,,,,,,,,,,,,,,,,,,,,,,,,215
NLD00272,2019-09-10,,,,270.0,,,,0.0621192,0.00304878,0.01580138,6.5,,,,,,WATERDELEN PURMER,52.4679,5.002,Europe,,,,,,0.35,,,65.0,0.27,,,,,,,,,,,,,,,,,,,,,,,,,,215
NLD00272,2019-10-11,,,,150.0,,,,0.854139,0.02134146,0.2483074,5.7,,,,,,WATERDELEN PURMER,52.4679,5.002,Europe,,,,,,0.49,,,55.0,0.25,,,,,,,,,,,,,,,,,,,,,,,,,,215
NLD00272,2019-11-08,,,,250.0,,,,1.242384,0.02439024,0.09255094,5.5,,,,,,WATERDELEN PURMER,52.4679,5.002,Europe,,,,,,0.93,,,47.0,0.62,,,,,,,,,,,,,,,,,,,,,,,,,,215
NLD00272,2019-12-06,,,,200.0,,,,1.320033,0.00914634,0.17155784,8.9,,,,,,WATERDELEN PURMER,52.4679,5.002,Europe,,,,,,0.69,,,70.0,0.27,,,,,,,,,,,,,,,,,,,,,,,,,,215
NLD00272,2020-01-24,,,,250.0,,,,1.087086,0.00914634,0.20090326,5.7,,,,,,WATERDELEN PURMER,52.4679,5.002,Europe,,,,,,0.59,,,44.0,0.2,,,,,,,,,,,,,,,,,,,,,,,,,,215
NLD00272,2020-02-21,,,,180.0,,,,0.3416556,0.00914634,0.3160276,10.4,,,,,,WATERDELEN PURMER,52.4679,5.002,Europe,,,,,,0.38,,,85.0,0.12,,,,,,,,,,,,,,,,,,,,,,,,,,215
NLD00272,2020-03-18,,,,180.0,,,,0.1320033,0.00609756,0.13318306,12.1,,,,,,WATERDELEN PURMER,52.4679,5.002,Europe,,,,,,0.44,,,104.0,0.14,,,,,,,,,,,,,,,,,,,,,,,,,,215
NLD00272,2020-04-22,,,,280.0,,,,0.0232947,0.00304878,0.0112867,9.7,,,,,,WATERDELEN PURMER,52.4679,5.002,Europe,,,,,,0.48,,,91.0,0.2,,,,,,,,,,,,,,,,,,,,,,,,,,215
NLD00272,2020-05-27,,,,210.0,,,,0.0465894,0.00304878,0.0112867,9.0,,,,,,WATERDELEN PURMER,52.4679,5.002,Europe,,,,,,0.41,,,94.0,0.25,,,,,,,,,,,,,,,,,,,,,,,,,,215
NLD00272,2020-06-24,,,,250.0,,,,0.0310596,0.00304878,0.0112867,7.4,,,,,,WATERDELEN PURMER,52.4679,5.002,Europe,,,,,,0.38,,,86.0,0.27,,,,,,,,,,,,,,,,,,,,,,,,,,215
NLD00272,2020-07-17,,,,240.0,,,,0.0310596,0.00304878,0.0112867,6.0,,,,,,WATERDELEN PURMER,52.4679,5.002,Europe,,,,,,0.3,,,65.0,0.18,,,,,,,,,,,,,,,,,,,,,,,,,,215
NLD00272,2020-08-17,,,,270.0,,,,0.0931788,0.00304878,0.0112867,3.5,,,,,,WATERDELEN PURMER,52.4679,5.002,Europe,,,,,,0.57,,,41.0,0.36,,,,,,,,,,,,,,,,,,,,,,,,,,215
NLD00272,2020-09-22,,,,300.0,,,,0.0465894,0.00304878,0.0225734,6.8,,,,,,WATERDELEN PURMER,52.4679,5.002,Europe,,,,,,0.22,,,67.0,0.092,,,,,,,,,,,,,,,,,,,,,,,,,,215
NLD00272,2020-10-26,,,,270.0,,,,0.4736589,0.03658536,0.18735922,8.2,,,,,,WATERDELEN PURMER,52.4679,5.002,Europe,,,,,,0.38,,,74.0,0.19,,,,,,,,,,,,,,,,,,,,,,,,,,215
NLD00272,2020-11-19,,,,250.0,,,,0.3804801,0.02134146,0.2144473,10.2,,,,,,WATERDELEN PURMER,52.4679,5.002,Europe,,,,,,0.43,,,89.0,0.23,,,,,,,,,,,,,,,,,,,,,,,,,,215
NLD00272,2020-12-14,,,,260.0,,,,1.087086,0.00914634,0.22121932,9.3,,,,,,WATERDELEN PURMER,52.4679,5.002,Europe,,,,,,0.4,,,75.0,0.19,,,,,,,,,,,,,,,,,,,,,,,,,,215
NLD00272,2021-01-13,,,,170.0,,,,0.854139,0.00914634,0.2934542,,,,,,,WATERDELEN PURMER,52.4679,5.002,Europe,,,,,,0.45,,,,0.16,,,,,,,,,,,,,,,,,,,,,,,,,,215
NLD00272,2021-02-03,,,,170.0,,,,0.854139,0.00609756,0.2708808,,,,,,,WATERDELEN PURMER,52.4679,5.002,Europe,,,,,,0.41,,,,0.13,,,,,,,,,,,,,,,,,,,,,,,,,,215
NLD00272,2021-03-10,,,,290.0,,,,0.077649,0.00304878,0.02483074,,,,,,,WATERDELEN PURMER,52.4679,5.002,Europe,,,,,,0.33,,,,0.021,,,,,,,,,,,,,,,,,,,,,,,,,,215
NLD00272,2021-04-09,,,,300.0,,,,0.0854139,0.00304878,0.01580138,,,,,,,WATERDELEN PURMER,52.4679,5.002,Europe,,,,,,0.43,,,,0.16,,,,,,,,,,,,,,,,,,,,,,,,,,215
NLD00272,2021-05-10,,,,220.0,,,,0.0232947,0.00304878,0.01805872,,,,,,,WATERDELEN PURMER,52.4679,5.002,Europe,,,,,,0.35,,,,0.14,,,,,,,,,,,,,,,,,,,,,,,,,,215
NLD00272,2021-06-10,,,,200.0,,,,0.0388245,0.00304878,0.0112867,,,,,,,WATERDELEN PURMER,52.4679,5.002,Europe,,,,,,0.76,,,,0.54,,,,,,,,,,,,,,,,,,,,,,,,,,215
NLD00272,2021-07-08,,,,210.0,,,,0.1009437,0.0152439,0.0112867,,,,,,,WATERDELEN PURMER,52.4679,5.002,Europe,,,,,,0.69,,,,0.51,,,,,,,,,,,,,,,,,,,,,,,,,,215
NLD00272,2021-08-11,,,,220.0,,,,0.1397682,0.00609756,0.02483074,,,,,,,WATERDELEN PURMER,52.4679,5.002,Europe,,,,,,0.68,,,,0.48,,,,,,,,,,,,,,,,,,,,,,,,,,215
NLD00272,2021-09-10,,,,280.0,,,,0.0465894,0.00304878,0.0112867,,,,,,,WATERDELEN PURMER,52.4679,5.002,Europe,,,,,,0.74,,,,0.57,,,,,,,,,,,,,,,,,,,,,,,,,,215
NLD00272,2021-10-08,,,,180.0,,,,0.5590728,0.0152439,0.02708808,,,,,,,WATERDELEN PURMER,52.4679,5.002,Europe,,,,,,0.61,,,,0.39,,,,,,,,,,,,,,,,,,,,,,,,,,215
NLD00272,2021-11-10,,,,230.0,,,,1.55298,0.01219512,0.01354404,,,,,,,WATERDELEN PURMER,52.4679,5.002,Europe,,,,,,0.93,,,,0.48,,,,,,,,,,,,,,,,,,,,,,,,,,215
NLD00272,2021-12-02,,,,150.0,,,,1.009437,0.01219512,0.21670464,,,,,,,WATERDELEN PURMER,52.4679,5.002,Europe,,,,,,0.64,,,,0.22,,,,,,,,,,,,,,,,,,,,,,,,,,215
NLD00285,2018-01-22,,,,110.0,,,,0.077649,0.00304878,0.19638858,6.4,,,,,,WATERRIJK  T TWISKE,52.4537,4.8892,Europe,,,,,,0.14,,,50.0,0.14,,,,,,,,,,,,,,,,,,,,,,,,,,215
NLD00285,2018-02-19,,,,110.0,,,,0.0232947,0.00304878,0.13318306,12.4,,,,,,WATERRIJK  T TWISKE,52.4537,4.8892,Europe,,,,,,0.17,,,94.0,0.11,,,,,,,,,,,,,,,,,,,,,,,,,,215
NLD00285,2018-03-26,,,,110.0,,,,0.0310596,0.00304878,0.13092572,12.1,,,,,,WATERRIJK  T TWISKE,52.4537,4.8892,Europe,,,,,,0.11,,,99.0,0.093,,,,,,,,,,,,,,,,,,,,,,,,,,215
NLD00285,2018-04-25,,,,110.0,,,,0.0232947,0.00304878,0.0112867,11.3,,,,,,WATERRIJK  T TWISKE,52.4537,4.8892,Europe,,,,,,0.1,,,110.0,0.02,,,,,,,,,,,,,,,,,,,,,,,,,,215
NLD00285,2018-05-24,,,,110.0,,,,0.0388245,0.00304878,0.01354404,10.6,,,,,,WATERRIJK  T TWISKE,52.4537,4.8892,Europe,,,,,,0.08,,,112.0,0.036,,,,,,,,,,,,,,,,,,,,,,,,,,215
NLD00285,2018-06-18,,,,110.0,,,,0.0310596,0.00304878,0.0112867,6.8,,,,,,WATERRIJK  T TWISKE,52.4537,4.8892,Europe,,,,,,0.08,,,74.0,0.031,,,,,,,,,,,,,,,,,,,,,,,,,,215
NLD00285,2018-07-19,,,,130.0,,,,0.0621192,0.00304878,0.0112867,10.8,,,,,,WATERRIJK  T TWISKE,52.4537,4.8892,Europe,,,,,,0.06,,,130.0,0.007,,,,,,,,,,,,,,,,,,,,,,,,,,215
NLD00285,2018-08-08,,,,180.0,,,,0.0310596,0.00304878,0.0112867,10.9,,,,,,WATERRIJK  T TWISKE,52.4537,4.8892,Europe,,,,,,0.06,,,130.0,0.005,,,,,,,,,,,,,,,,,,,,,,,,,,215
NLD00285,2018-09-19,,,,180.0,,,,0.0232947,0.00304878,0.0112867,7.5,,,,,,WATERRIJK  T TWISKE,52.4537,4.8892,Europe,,,,,,0.05,,,79.0,0.005,,,,,,,,,,,,,,,,,,,,,,,,,,215
NLD00285,2018-10-12,,,,170.0,,,,0.077649,0.00304878,0.03837478,7.8,,,,,,WATERRIJK  T TWISKE,52.4537,4.8892,Europe,,,,,,0.07,,,79.0,0.031,,,,,,,,,,,,,,,,,,,,,,,,,,215
NLD00285,2018-11-02,,,,160.0,,,,0.0854139,0.00304878,0.06320552,8.3,,,,,,WATERRIJK  T TWISKE,52.4537,4.8892,Europe,,,,,,0.08,,,77.0,0.066,,,,,,,,,,,,,,,,,,,,,,,,,,215
NLD00285,2018-12-06,,,,140.0,,,,0.0310596,0.00304878,0.14221242,11.2,,,,,,WATERRIJK  T TWISKE,52.4537,4.8892,Europe,,,,,,0.12,,,95.0,0.1,,,,,,,,,,,,,,,,,,,,,,,,,,215
NLD00285,2019-01-07,,,,140.0,,,,0.0310596,0.00304878,0.14221242,10.7,,,,,,WATERRIJK  T TWISKE,52.4537,4.8892,Europe,,,,,,0.12,,,87.0,0.1,,,,,,,,,,,,,,,,,,,,,,,,,,215
NLD00285,2019-02-04,,,,140.0,,,,0.0310596,0.00304878,0.18284454,11.3,,,,,,WATERRIJK  T TWISKE,52.4537,4.8892,Europe,,,,,,0.13,,,94.0,0.11,,,,,,,,,,,,,,,,,,,,,,,,,,215
NLD00285,2019-03-06,,,,140.0,,,,0.0232947,0.00304878,0.17832986,11.5,,,,,,WATERRIJK  T TWISKE,52.4537,4.8892,Europe,,,,,,0.13,,,95.0,0.1,,,,,,,,,,,,,,,,,,,,,,,,,,215
NLD00285,2019-04-01,,,,140.0,,,,0.0232947,0.00304878,0.12189636,11.9,,,,,,WATERRIJK  T TWISKE,52.4537,4.8892,Europe,,,,,,0.12,,,102.0,0.073,,,,,,,,,,,,,,,,,,,,,,,,,,215
NLD00285,2019-05-06,,,,140.0,,,,0.1009437,0.00304878,0.02708808,9.3,,,,,,WATERRIJK  T TWISKE,52.4537,4.8892,Europe,,,,,,0.07,,,88.0,0.051,,,,,,,,,,,,,,,,,,,,,,,,,,215
NLD00285,2019-06-03,,,,140.0,,,,0.0621192,0.00304878,0.02708808,7.5,,,,,,WATERRIJK  T TWISKE,52.4537,4.8892,Europe,,,,,,0.09,,,82.0,0.051,,,,,,,,,,,,,,,,,,,,,,,,,,215
NLD00285,2019-07-01,,,,140.0,,,,0.0232947,0.00304878,0.0112867,7.7,,,,,,WATERRIJK  T TWISKE,52.4537,4.8892,Europe,,,,,,0.06,,,89.0,0.025,,,,,,,,,,,,,,,,,,,,,,,,,,215
NLD00285,2019-08-12,,,,140.0,,,,0.0232947,0.00304878,0.01354404,6.7,,,,,,WATERRIJK  T TWISKE,52.4537,4.8892,Europe,,,,,,0.1,,,72.0,0.024,,,,,,,,,,,,,,,,,,,,,,,,,,215
NLD00285,2019-09-09,,,,150.0,,,,0.0232947,0.00304878,0.0112867,8.3,,,,,,WATERRIJK  T TWISKE,52.4537,4.8892,Europe,,,,,,0.07,,,89.0,0.005,,,,,,,,,,,,,,,,,,,,,,,,,,215
NLD00285,2019-10-07,,,,140.0,,,,0.0854139,0.00304878,0.0225734,8.4,,,,,,WATERRIJK  T TWISKE,52.4537,4.8892,Europe,,,,,,0.06,,,80.0,0.026,,,,,,,,,,,,,,,,,,,,,,,,,,215
NLD00285,2019-11-04,,,,140.0,,,,0.0465894,0.00304878,0.09255094,9.0,,,,,,WATERRIJK  T TWISKE,52.4537,4.8892,Europe,,,,,,0.07,,,86.0,0.051,,,,,,,,,,,,,,,,,,,,,,,,,,215
NLD00285,2019-12-02,,,,140.0,,,,0.0388245,0.00304878,0.12641104,10.5,,,,,,WATERRIJK  T TWISKE,52.4537,4.8892,Europe,,,,,,0.12,,,87.0,0.094,,,,,,,,,,,,,,,,,,,,,,,,,,215
NLD00285,2020-01-06,,,,140.0,,,,0.0232947,0.00304878,0.15349912,10.9,,,,,,WATERRIJK  T TWISKE,52.4537,4.8892,Europe,,,,,,0.11,,,88.0,0.11,,,,,,,,,,,,,,,,,,,,,,,,,,215
NLD00285,2020-02-04,,,,160.0,,,,0.0232947,0.00304878,0.15124178,11.3,,,,,,WATERRIJK  T TWISKE,52.4537,4.8892,Europe,,,,,,0.12,,,91.0,0.1,,,,,,,,,,,,,,,,,,,,,,,,,,215
NLD00285,2020-03-03,,,,140.0,,,,0.0232947,0.00304878,0.16252848,11.0,,,,,,WATERRIJK  T TWISKE,52.4537,4.8892,Europe,,,,,,0.15,,,90.0,0.11,,,,,,,,,,,,,,,,,,,,,,,,,,215
NLD00285,2020-04-06,,,,140.0,,,,0.0232947,0.00304878,0.13769774,11.4,,,,,,WATERRIJK  T TWISKE,52.4537,4.8892,Europe,,,,,,0.11,,,104.0,0.087,,,,,,,,,,,,,,,,,,,,,,,,,,215
NLD00285,2020-05-06,,,,140.0,,,,0.0388245,0.00304878,0.0112867,9.9,,,,,,WATERRIJK  T TWISKE,52.4537,4.8892,Europe,,,,,,0.08,,,98.0,0.036,,,,,,,,,,,,,,,,,,,,,,,,,,215
NLD00285,2020-06-08,,,,140.0,,,,0.0621192,0.00304878,0.0112867,9.1,,,,,,WATERRIJK  T TWISKE,52.4537,4.8892,Europe,,,,,,0.08,,,93.0,0.056,,,,,,,,,,,,,,,,,,,,,,,,,,215
NLD00285,2020-07-06,,,,140.0,,,,0.0310596,0.00304878,0.01580138,9.1,,,,,,WATERRIJK  T TWISKE,52.4537,4.8892,Europe,,,,,,0.07,,,96.0,0.05,,,,,,,,,,,,,,,,,,,,,,,,,,215
NLD00285,2020-08-10,,,,160.0,,,,0.0232947,0.00304878,0.0112867,12.1,,,,,,WATERRIJK  T TWISKE,52.4537,4.8892,Europe,,,,,,0.11,,,147.0,0.005,,,,,,,,,,,,,,,,,,,,,,,,,,215
NLD00285,2020-09-15,,,,150.0,,,,0.0232947,0.00304878,0.0112867,12.6,,,,,,WATERRIJK  T TWISKE,52.4537,4.8892,Europe,,,,,,0.16,,,130.0,0.005,,,,,,,,,,,,,,,,,,,,,,,,,,215
NLD00285,2020-10-05,,,,150.0,,,,0.0232947,0.00304878,0.01805872,9.5,,,,,,WATERRIJK  T TWISKE,52.4537,4.8892,Europe,,,,,,0.07,,,95.0,0.014,,,,,,,,,,,,,,,,,,,,,,,,,,215
NLD00285,2020-11-02,,,,140.0,,,,0.0543543,0.00609756,0.04966148,9.8,,,,,,WATERRIJK  T TWISKE,52.4537,4.8892,Europe,,,,,,0.09,,,94.2,0.046,,,,,,,,,,,,,,,,,,,,,,,,,,215
NLD00285,2020-12-28,,,,140.0,,,,0.0232947,0.00304878,0.11738168,11.1,,,,,,WATERRIJK  T TWISKE,52.4537,4.8892,Europe,,,,,,0.13,,,93.0,0.1,,,,,,,,,,,,,,,,,,,,,,,,,,215
NLD00285,2021-01-08,,,,140.0,,,,0.0232947,0.00304878,0.1241537,,,,,,,WATERRIJK  T TWISKE,52.4537,4.8892,Europe,,,,,,0.13,,,,0.1,,,,,,,,,,,,,,,,,,,,,,,,,,215
NLD00285,2021-02-19,,,,140.0,,,,0.0310596,0.00304878,0.1241537,,,,,,,WATERRIJK  T TWISKE,52.4537,4.8892,Europe,,,,,,0.14,,,,0.1,,,,,,,,,,,,,,,,,,,,,,,,,,215
NLD00285,2021-03-08,,,,140.0,,,,0.0232947,0.00304878,0.1354404,,,,,,,WATERRIJK  T TWISKE,52.4537,4.8892,Europe,,,,,,0.13,,,,0.094,,,,,,,,,,,,,,,,,,,,,,,,,,215
NLD00285,2021-04-07,,,,140.0,,,,0.0232947,0.00304878,0.1015803,,,,,,,WATERRIJK  T TWISKE,52.4537,4.8892,Europe,,,,,,0.11,,,,0.085,,,,,,,,,,,,,,,,,,,,,,,,,,215
NLD00285,2021-05-03,,,,140.0,,,,0.0543543,0.00304878,0.03611744,,,,,,,WATERRIJK  T TWISKE,52.4537,4.8892,Europe,,,,,,0.09,,,,0.04,,,,,,,,,,,,,,,,,,,,,,,,,,215
NLD00285,2021-06-07,,,,140.0,,,,0.0310596,0.00304878,0.02708808,,,,,,,WATERRIJK  T TWISKE,52.4537,4.8892,Europe,,,,,,0.07,,,,0.034,,,,,,,,,,,,,,,,,,,,,,,,,,215
NLD00285,2021-07-05,,,,130.0,,,,0.0232947,0.00304878,0.0112867,,,,,,,WATERRIJK  T TWISKE,52.4537,4.8892,Europe,,,,,,0.07,,,,0.019,,,,,,,,,,,,,,,,,,,,,,,,,,215
NLD00285,2021-08-02,,,,140.0,,,,0.0232947,0.00304878,0.0112867,,,,,,,WATERRIJK  T TWISKE,52.4537,4.8892,Europe,,,,,,0.06,,,,0.005,,,,,,,,,,,,,,,,,,,,,,,,,,215
NLD00285,2021-09-13,,,,140.0,,,,0.0232947,0.00304878,0.0112867,,,,,,,WATERRIJK  T TWISKE,52.4537,4.8892,Europe,,,,,,0.06,,,,0.005,,,,,,,,,,,,,,,,,,,,,,,,,,215
NLD00285,2021-10-11,,,,130.0,,,,0.0388245,0.00304878,0.03611744,,,,,,,WATERRIJK  T TWISKE,52.4537,4.8892,Europe,,,,,,0.07,,,,0.031,,,,,,,,,,,,,,,,,,,,,,,,,,215
NLD00285,2021-11-11,,,,130.0,,,,0.0388245,0.00304878,0.06997754,,,,,,,WATERRIJK  T TWISKE,52.4537,4.8892,Europe,,,,,,0.1,,,,0.061,,,,,,,,,,,,,,,,,,,,,,,,,,215
NLD00285,2021-12-10,,,,130.0,,,,0.0310596,0.00304878,0.112867,,,,,,,WATERRIJK  T TWISKE,52.4537,4.8892,Europe,,,,,,0.12,,,,0.1,,,,,,,,,,,,,,,,,,,,,,,,,,215
